"NUTS 3","Urban Code","City","City code","GDP","Employment","Population   (1-5)","Population            (XXL - S-M)","Sights & landmarks","Museums","Cinema seats","Concerts & shows","Theatres","Tourist overnight stays ","Museum visitors","Cinema attendance","Satisfaction with cultural facilities","Jobs in arts, culture & entertainment   ","Jobs in media & communication","Jobs in other creative sectors","ICT patent applications","Community design applications","Jobs in new arts, culture & entertainment enterprises","Jobs in new media & communication enterprises ","Jobs in new enterprises in other creative sectors","Graduates in arts and humanities","Graduates in ICT ","Average appearances in university rankings ","Foreign graduates","Foreign-born population","Tolerance of foreigners","Integration of foreigners","People trust","Passenger flights ","Potential road accessibility","Direct trains to other cities "," Quality of governance","Capital","Reason chosen","Cultural Vibrancy","Creative economy","Enabling environment","Overall","D1.1 Cultural Venues & Facilities","D1.2 Cultural Participation & Attractiveness","D2.1 Creative & Knowledge-based Jobs","D2.2 Intellectual Property & Innovation","D2.3 New Jobs in Creative Sectors","D3.1 Human Capital & Education","D3.2 Openness, Tolerance & Trust ","D3.3 Local & International Connections","D3.4 Quality of Governance"
"AT130","AT001C1","Vienna","1","1","3","1","XXL","17.9","18.1","38.1","46.7","22.8","27.9","3.7","37.4","100.0","27.7","29.2","27.0","20.1","26.5","29.7","29.4","37.9","20.3","7.1","83.3","99.0","55.5","35.2","6.7","43.8","23.2","87.9","3.6","70.3","Yes","At least two international cultural festivals","37.86","28.78","43.22","35.3","31.40","44.31","27.97","23.31","32.34","36.91","48.02","38.23","70.29"
"AT221","AT002C1","Graz","2","2","2","3","L","20.2","14.7","41.5","23.4","12.3","12.5","14.4","31.6","77.1","63.5","22.9","0.0","62.7","28.1","18.8","16.4","30.0","25.5","4.0","47.9","100.0","37.5","40.7","10.0","81.2","1.9","81.3","4.3","79.6","No","European Capital of Culture","30.32","29.3","40.23","31.89","23.66","36.99","28.82","45.41","21.73","25.81","53.89","29.13","79.57"
"AT312","AT003C1","Linz","3","1","1","4","S-M","8.5","18.3","100.0","15.4","88.3","14.2","39.5","89.8","42.9","61.6","56.4","72.6","20.1","58.2","15.7","15.0","19.1","17.4","29.5","4.2","100.0","41.0","38.0","8.3","71.6","2.6","84.4","33.2","82.3","No","European Capital of Culture","52.74","39.87","37.64","44.57","54.26","51.21","63.50","39.16","16.60","17.01","51.77","40.05","82.33"
"BE100","BE001C1","Brussels","4","1","4","1","XXL","17.3","23.0","17.9","12.6","71.4","19.6","21.8","21.1","24.3","44.7","30.1","36.8","14.1","22.8","49.9","95.7","82.9","0.0","1.1","45.8","5.3","78.4","20.4","20.0","21.9","32.7","95.8","20.7","64.2","Yes","European Capital of Culture","26.27","49.03","28.6","35.84","30.54","22.00","37.16","18.49","76.17","15.63","29.20","49.73","64.23"
"BE211","BE002C1","Antwerp","5","1","3","2","XL","9.5","16.5","39.7","10.7","23.7","11.2","20.5","46.3","48.6","28.2","12.6","39.1","28.0","27.7","28.8","17.0","25.9","11.9","7.3","31.2","17.1","49.8","18.5","13.3","46.9","70.1","95.8","23.5","89.8","No","European Capital of Culture","28.18","25.78","32.34","28.05","21.80","34.56","26.63","27.83","23.90","16.82","29.14","63.12","89.83"
"BE234","BE003C1","Ghent","6","2","1","3","L","33.7","28.2","29.5","62.9","100.0","12.5","24.5","43.3","49.3","30.6","15.3","39.6","33.4","23.9","4.3","4.7","2.6","40.1","36.8","37.5","3.9","34.3","14.8","15.6","26.0","32.4","93.6","47.6","89.8","No","UNESCO Creative City","45.55","18.68","35.99","32.89","55.85","35.24","28.51","28.66","3.87","38.12","18.92","57.89","89.83"
"BE242","BE008C1","Leuven","7","2","4","5","S-M","27.4","3.2","30.4","13.2","41.2","15.0","8.3","45.5","18.6","36.6","31.3","52.8","96.5","22.8","29.9","29.8","31.1","84.8","100.0","37.5","7.5","38.2","14.8","15.6","30.9","31.3","94.5","90.7","89.8","No","At least two international cultural festivals","23.93","40.13","53.52","36.33","25.03","22.83","40.25","59.64","30.25","74.10","21.40","72.17","89.83"
"BE251","BE006C1","Bruges","8","2","2","4","S-M","50.4","83.0","24.7","19.4","48.3","61.7","50.9","42.8","46.6","28.7","6.4","28.8","4.4","23.7","9.5","7.0","15.1","0.0","2.2","0.0","2.4","14.1","14.8","15.6","30.6","27.7","90.8","58.7","89.8","No","European Capital of Culture","44.33","15.54","19.84","27.92","39.76","48.90","21.29","14.04","10.53","0.73","15.49","59.08","89.83"
"BE255","BE011C1","Ostend","9","3","5","5","S-M","14.4","28.2","64.5","9.5","0.0","47.9","4.8","36.9","72.9","24.4","0.5","22.4","11.6","4.8","25.1","11.9","14.0","45.7","38.8","0.0","15.6","23.3","14.8","15.6","55.6","27.7","89.7","36.0","89.8","No","At least two international cultural festivals","31.7","14.74","33.41","25.26","23.81","39.59","15.77","8.22","16.98","28.16","24.98","51.11","89.83"
"BE323","BE009C1","Mons","10","4","5","5","S-M","20.1","46.7","73.3","6.3","34.1","2.9","2.1","91.4","49.1","24.3","12.2","22.1","9.2","9.2","21.5","24.9","34.1","8.9","21.9","0.0","43.5","34.5","14.8","15.6","24.0","28.2","93.1","43.0","63.3","No","European Capital of Culture","38.96","20.39","26.08","28.96","36.77","41.15","19.54","9.18","26.83","10.28","26.47","54.74","63.29"
"BE332","BE005C1","Liège","11","4","5","3","L","9.5","12.5","32.6","24.5","27.6","2.5","4.8","38.1","15.7","21.0","7.1","20.4","8.3","18.6","29.7","38.0","31.3","59.5","17.5","25.0","2.0","44.2","5.6","13.3","9.4","57.5","95.1","17.6","63.3","No","At least two international cultural festivals","20.52","22.37","31.23","23.4","23.93","17.11","16.19","13.45","33.00","34.01","14.89","56.73","63.29"
"BE352","BE007C1","Namur","12","3","5","4","S-M","10.2","16.7","68.1","20.7","29.2","2.9","2.2","84.9","38.1","32.5","12.5","24.7","6.1","13.4","23.7","6.3","12.4","10.4","25.9","0.0","13.7","26.7","14.8","15.6","30.6","29.9","93.7","60.0","63.3","No","At least two international cultural festivals","34.51","16.88","25.3","25.62","32.85","36.17","23.21","9.73","14.11","12.10","20.28","61.20","63.29"
"BG321","BG017C1","Veliko Turnovo","13","5","5","5","S-M","22.3","42.8","3.1","9.8","39.6","6.7","42.6","2.6","43.3","20.4","7.4","10.2","0.8","9.9","17.4","2.7","4.9","50.0","16.4","0.0","3.4","2.7","20.4","3.3","45.8","0.0","60.3","4.1","27.7","No","European Capital of Culture","23.76","9.46","19.52","17.19","21.27","26.26","12.66","5.37","8.32","22.17","15.12","21.47","27.68"
"BG331","BG003C1","Varna","14","5","4","3","L","5.8","13.8","14.3","7.5","7.3","53.3","2.1","5.1","58.6","23.0","5.5","17.1","0.1","12.5","34.9","26.9","14.6","0.9","17.9","0.0","4.6","4.2","20.4","3.3","18.8","2.3","58.0","2.5","57.1","No","European Capital of Culture","18.06","17.52","12.6","16.75","9.72","26.41","15.20","6.29","25.44","6.25","10.27","20.94","57.06"
"BG411","BG001C1","Sofia","15","3","2","1","XXL","5.0","2.2","20.7","5.0","15.3","2.1","3.3","11.2","4.3","34.3","51.8","40.0","1.3","20.4","44.8","60.5","31.0","11.4","21.1","0.0","7.6","4.4","20.4","3.3","12.5","3.2","67.1","1.9","0.0","Yes","European Capital of Culture","8.41","37.18","11.81","20.6","11.15","5.68","42.04","10.84","45.48","10.85","9.64","24.07","0.00"
"BG421","BG002C1","Plovdiv","16","5","4","3","L","8.8","11.6","7.9","4.8","9.5","2.1","1.9","4.6","43.3","18.8","4.3","13.3","0.1","27.0","19.0","8.1","9.3","11.7","40.4","0.0","5.6","3.4","20.4","3.3","18.8","3.3","61.7","2.8","38.0","No","European Capital of Culture","11.33","12.41","16.36","12.77","8.11","14.54","12.11","13.53","12.15","17.39","10.29","22.57","38.03"
"CH013","CH002C1","Geneva","17","1","5","4","S-M","22.7","44.8","51.3","42.7","76.4","42.1","48.1","65.0","40.0","80.2","33.5","73.3","20.5","21.7","34.9","22.4","35.2","19.0","4.2","33.3","27.8","100.0","46.3","26.7","28.1","27.9","95.3","26.5","74.7","No","At least two international cultural festivals","50.39","41.47","37.07","44.16","51.03","49.76","62.30","21.06","30.85","18.84","45.78","49.88","74.70"
"CH021","CH004C1","Bern","18","1","1","4","S-M","28.9","31.2","100.0","10.7","88.3","20.8","39.5","89.3","61.0","100.0","76.8","89.9","19.9","3.7","26.3","19.2","22.6","35.3","26.1","29.2","17.5","51.4","50.9","23.3","68.1","39.1","83.6","39.6","87.4","Yes","At least two international cultural festivals","57.25","47.02","41.47","50","57.28","57.22","88.92","11.80","22.72","30.21","42.26","54.13","87.35"
"CH031","CH003C1","Basel","19","1","3","4","S-M","42.4","61.3","51.6","59.7","77.7","26.2","63.0","37.5","36.7","85.2","31.4","87.2","32.6","45.2","22.4","26.9","21.7","15.2","5.4","31.2","31.6","73.1","50.9","23.3","68.1","32.6","92.8","36.2","84.4","No","At least two international cultural festivals","51.57","44.41","38.99","46.19","60.21","42.92","67.92","38.93","23.63","17.30","49.41","53.87","84.43"
"CH040","CH001C1","Zurich","20","1","1","3","L","16.9","40.5","46.0","28.9","46.5","29.2","21.8","46.9","80.0","92.5","100.0","100.0","58.8","33.5","27.8","47.8","50.0","26.3","31.7","64.6","26.4","71.0","55.6","20.0","59.4","37.5","82.1","34.1","73.3","No","At least two international cultural festivals","42.09","64.98","46.29","52.09","37.51","46.67","97.49","46.14","41.88","40.88","46.47","51.22","73.31"
"CY000","CY001C1","Nicosia","21","4","4","4","S-M","74.7","82.2","26.6","45.6","58.6","8.3","4.6","25.3","7.8","13.7","8.1","17.0","0.3","18.6","17.2","15.3","16.0","10.1","30.1","0.0","69.7","28.1","7.4","20.0","31.2","3.6","0.0","0.0","64.9","Yes","European Capital of Culture","32.13","13.53","21.31","22.53","52.30","11.97","12.93","9.45","16.17","13.42","31.30","1.21","64.88"
"CY000","CY501C1","Limassol","22","4","4","4","S-M","72.8","39.6","26.6","34.8","58.6","8.3","4.6","25.3","7.1","13.7","8.1","17.0","0.3","18.6","17.2","15.3","16.0","2.0","0.8","0.0","59.5","28.1","7.4","20.0","62.5","4.9","0.0","0.0","64.9","No","At least two international cultural festivals","27.92","13.53","18.06","20.19","44.06","11.77","12.93","9.45","16.17","0.91","35.51","1.63","64.88"
"CZ010","CZ001C1","Prague","23","2","1","1","XXL","34.8","74.7","24.2","91.4","52.9","40.8","18.7","2.9","67.1","40.3","39.2","37.1","4.3","32.1","33.6","40.1","90.8","11.3","0.0","31.2","56.7","26.7","18.5","13.3","6.2","11.8","89.4","6.9","51.9","Yes","European Capital of Culture","43.49","41.13","23.4","38.53","55.80","31.18","38.89","18.21","54.85","14.18","24.30","36.06","51.90"
"CZ032","CZ004C1","Pilsen","24","5","1","4","S-M","22.7","9.9","31.5","12.6","52.9","5.4","5.3","2.2","16.7","31.4","10.2","24.1","2.0","5.6","22.4","2.6","11.7","17.3","31.9","0.0","3.0","16.6","14.8","18.3","20.3","11.8","86.1","9.2","56.5","No","European Capital of Culture","18","14.41","20.58","17.08","28.34","7.67","21.90","3.77","12.24","16.40","14.60","35.70","56.49"
"CZ041","CZ013C1","Karlovy Vary","25","5","5","5","S-M","59.8","22.3","11.2","32.2","32.7","100.0","3.0","11.1","35.2","22.4","9.6","13.6","0.8","3.3","30.0","12.7","10.4","0.0","0.0","0.0","0.0","25.3","14.8","18.3","37.0","7.6","85.4","11.3","40.8","No","At least two international cultural festivals","28.81","13.58","14.89","19.93","29.26","28.36","15.21","2.05","17.72","0.00","19.08","34.81","40.80"
"CZ064","CZ002C1","Brno","26","5","1","3","L","17.2","11.0","13.2","20.3","34.5","5.4","8.4","1.5","35.2","13.4","11.1","18.5","4.1","18.9","23.1","13.0","15.2","29.0","0.0","4.2","31.4","15.4","14.8","18.3","17.2","2.2","83.4","9.7","58.1","No","At least two international cultural festivals","17.09","14.86","19.86","16.75","20.51","13.66","14.31","11.49","17.10","11.06","19.42","31.79","58.11"
"CZ080","CZ003C1","Ostrava","27","5","3","3","L","4.5","3.2","15.0","3.1","16.6","3.3","2.1","3.6","48.6","28.2","12.4","20.8","0.2","9.5","18.9","2.6","13.8","10.0","37.9","0.0","6.6","12.9","11.1","23.3","15.6","0.4","80.5","15.7","48.9","No","European Capital of Culture","12.8","13.86","19.23","14.51","9.64","15.96","20.48","4.85","11.75","15.97","13.92","32.20","48.86"
"DE111","DE007C1","Stuttgart","28","1","1","2","XL","9.1","9.4","28.9","20.2","18.8","21.3","29.6","22.1","63.7","62.2","44.2","66.8","92.2","100.0","26.7","49.3","25.0","9.8","28.6","27.1","24.1","51.6","52.3","18.3","85.0","17.6","95.2","30.0","82.1","No","At least two international cultural festivals","27.66","55.77","38.47","41.07","19.31","36.00","57.71","96.11","33.65","21.80","46.26","47.58","82.09"
"DE123","DE035C1","Karlsruhe","29","1","1","3","L","5.3","5.2","26.0","8.8","10.9","12.1","20.5","32.5","42.9","43.1","63.6","47.7","73.5","34.8","27.8","47.8","50.0","13.6","80.8","27.1","17.4","38.9","52.3","18.3","33.4","62.5","94.7","37.5","82.1","No","At least two international cultural festivals","20.93","48.17","42.86","36.21","12.74","29.12","51.47","54.17","41.88","40.52","32.06","64.87","82.09"
"DE125","DE522C1","Heidelberg","30","2","1","4","S-M","25.3","21.8","0.0","20.1","10.7","30.8","100.0","27.4","62.4","38.8","24.5","45.1","86.7","31.8","30.9","20.8","21.6","76.1","45.0","33.3","8.7","47.3","52.3","18.3","30.9","63.4","94.7","52.9","82.1","No","UNESCO Creative City","36.1","36.08","47.84","38.44","13.58","58.62","36.14","59.25","24.43","51.46","31.50","70.34","82.09"
"DE126","DE502C1","Mannheim","31","1","1","3","L","8.9","3.2","23.4","17.7","5.5","14.2","15.7","34.2","42.9","37.5","20.6","56.4","36.0","41.9","27.8","47.8","50.0","8.0","27.2","4.2","27.6","51.8","52.3","18.3","33.4","64.4","95.6","59.7","82.1","No","UNESCO Creative City","20.85","39.8","35","31.26","13.17","28.53","38.15","38.93","41.88","13.12","36.66","73.22","82.09"
"DE212","DE003C1","Munich","32","1","1","1","XXL","10.9","10.5","13.6","15.7","11.0","37.5","32.9","19.8","71.4","54.4","52.7","62.6","100.0","79.6","28.5","43.3","29.5","12.9","12.5","64.6","57.1","47.9","63.0","33.3","81.2","42.4","93.5","9.2","83.6","No","At least two international cultural festivals","26.79","54.09","46.03","41.56","12.74","40.85","56.55","89.79","33.78","29.97","56.51","48.38","83.57"
"DE254","DE014C1","Nuremberg","33","1","1","3","L","15.0","14.6","22.5","18.1","9.8","21.3","27.4","26.6","42.9","43.2","50.7","53.4","82.0","31.9","27.8","47.8","50.0","3.5","16.5","29.2","87.8","52.8","52.3","18.3","33.4","40.8","92.3","26.5","83.6","No","At least two international cultural festivals","23.5","47.79","38.27","36.17","16.31","30.69","49.12","56.96","41.88","16.37","48.91","53.22","83.57"
"DE300","DE001C1","Berlin","34","3","1","1","XXL","11.6","15.7","22.2","23.9","8.3","32.5","36.8","16.0","68.6","52.9","28.3","37.2","31.3","21.6","46.0","49.5","52.5","7.7","13.1","77.1","44.7","25.8","48.1","3.3","28.1","23.2","95.1","5.1","70.4","Yes","European Capital of Culture","28.16","40.81","34.75","34.54","17.01","39.31","39.47","26.49","49.32","32.63","30.03","41.10","70.39"
"DE600","DE002C1","Hamburg","35","1","1","1","XXL","7.4","7.8","14.1","19.6","10.7","25.8","8.5","11.7","60.0","41.9","36.7","53.3","15.4","45.0","28.5","43.3","29.5","5.8","8.4","27.1","51.8","40.3","63.0","20.0","53.1","23.2","88.9","7.2","77.2","No","At least two international cultural festivals","19.81","37.13","33.58","29.49","13.01","26.60","43.94","30.21","33.78","13.76","45.63","39.78","77.19"
"DE712","DE005C1","Frankfurt","36","1","1","2","XL","16.0","13.9","18.7","22.0","13.9","45.4","22.3","12.3","63.7","55.6","53.2","73.0","38.7","33.6","26.7","49.3","25.0","11.0","15.8","35.4","30.3","61.1","52.3","18.3","85.0","49.7","96.9","45.4","78.9","No","At least two international cultural festivals","25.99","44.93","41.59","36.69","17.39","34.59","60.60","36.15","33.65","20.73","49.40","63.98","78.88"
"DE92","DE013C1","Hannover","37","2","1","2","XL","12.4","4.7","17.6","10.6","12.5","14.2","7.9","20.0","41.4","52.2","33.8","49.6","28.5","30.8","57.6","33.2","51.0","10.2","15.4","29.2","17.6","42.8","52.3","18.3","34.4","12.8","90.1","33.2","84.0","No","UNESCO Creative City","17.08","42.92","31.53","30.31","12.33","21.82","45.18","29.64","47.30","18.25","33.07","45.36","83.97"
"DEA13","DE006C1","Essen","38","2","3","2","XL","5.8","1.8","24.0","9.4","5.7","7.9","25.3","4.9","47.1","33.6","20.4","47.9","10.6","9.9","31.5","44.6","38.4","9.3","24.9","20.8","14.1","33.6","35.2","16.7","43.8","37.3","99.4","54.7","75.9","No","European Capital of Culture","16.97","30.91","32.16","25.58","10.72","23.23","33.97","10.23","38.18","18.34","28.65","63.79","75.89"
"DEA23","DE004C1","Cologne","39","1","1","1","XXL","14.0","6.9","11.0","12.3","11.0","20.4","14.0","11.3","52.1","35.8","47.3","51.4","18.0","29.6","28.5","43.3","29.5","8.5","3.7","22.9","13.7","42.4","52.3","18.3","47.7","38.1","100.0","25.5","75.9","No","At least two international cultural festivals","18.12","36.23","30.61","27.86","11.19","25.04","44.86","23.84","33.78","11.71","34.88","54.53","75.89"
"DEA51","DE015C1","Bochum","40","2","3","3","L","0.0","3.8","25.8","4.4","9.0","4.6","10.7","19.3","22.4","30.5","10.2","26.9","29.9","12.9","52.8","25.7","42.3","24.9","9.9","25.0","12.5","32.7","52.3","18.3","58.8","37.3","98.3","50.8","75.9","No","At least two international cultural festivals","12.95","29.39","35.06","23.95","10.27","15.63","22.52","21.39","40.27","19.95","34.92","62.12","75.89"
"DED21","DE009C1","Dresden","41","4","1","2","XL","13.4","17.1","31.9","18.5","13.8","32.5","47.3","20.8","62.2","39.2","22.1","41.2","58.4","6.4","29.1","37.0","35.9","8.8","21.8","29.2","4.9","13.8","52.3","18.3","29.7","6.6","87.8","8.2","77.7","No","At least two international cultural festivals","30.85","33.76","26.51","31.15","19.85","41.85","34.20","32.43","34.00","19.94","23.80","34.19","77.68"
"DEG05","DE030C1","Weimar","42","3","3","5","S-M","59.2","72.0","45.1","38.5","12.8","41.2","100.0","30.8","40.5","60.1","7.8","33.8","40.0","24.8","7.2","6.0","9.5","35.9","16.1","0.0","5.1","17.0","52.3","18.3","52.1","3.6","88.4","80.3","70.8","No","European Capital of Culture","47.65","23.06","30.68","34.42","40.50","54.81","33.91","32.40","7.54","17.34","28.96","57.44","70.80"
"DK011","DK001C1","Copenhagen","43","1","1","2","XL","34.1","41.0","28.2","50.2","100.0","40.0","50.5","52.5","62.9","69.6","67.3","38.6","25.6","53.2","25.2","85.7","31.4","20.6","9.7","35.4","6.6","48.0","88.9","20.0","100.0","31.0","82.7","26.4","97.0","Yes","European Capital of Culture","53.55","50.26","41.68","49.86","53.98","53.12","58.51","39.41","47.44","21.88","52.68","46.69","97.02"
"DK042","DK002C1","Aarhus","44","2","1","3","L","64.9","17.6","24.0","13.6","57.8","5.0","29.1","27.4","7.8","35.7","33.4","31.7","21.2","58.6","4.3","4.7","2.7","3.2","0.0","35.4","35.1","34.4","88.9","20.0","26.0","6.9","70.1","8.7","100.0","No","European Capital of Culture","26.62","22.98","30.79","26","34.15","19.09","33.60","39.90","3.90","12.88","40.88","28.57","100.00"
"EE001","EE001C1","Tallinn","45","3","1","3","L","27.5","64.0","18.5","20.8","12.0","26.2","21.0","37.6","51.4","40.6","32.8","25.4","8.3","32.5","28.0","30.5","43.5","11.0","25.9","0.0","100.0","34.3","51.9","13.3","25.0","2.8","52.5","0.8","62.6","Yes","European Capital of Culture","29.72","30.83","28.81","29.98","24.26","35.18","32.93","20.39","33.96","12.29","44.89","18.70","62.62"
"EE008","EE002C1","Tartu","46","5","1","5","S-M","82.0","89.3","13.0","32.2","8.2","11.7","50.9","36.6","34.0","17.0","27.6","18.7","3.1","10.8","10.4","12.0","17.3","36.2","0.0","10.4","85.9","15.2","51.9","13.3","52.8","0.0","51.8","2.4","62.6","No","UNESCO Creative City","35.57","15.1","29.58","26.18","34.76","36.39","21.08","6.93","13.21","15.53","43.81","18.06","62.62"
"EL122","EL002C1","Thessaloniki","47","5","5","3","L","21.1","16.9","38.4","24.8","17.7","16.7","7.6","22.0","41.4","31.8","17.3","26.5","0.6","3.0","2.3","2.6","3.8","41.3","56.3","20.8","11.2","25.3","0.0","0.0","53.1","3.7","61.0","1.9","37.6","No","European Capital of Culture","23.82","11.61","28.17","19.81","24.97","22.67","25.20","1.84","2.91","39.49","17.92","22.20","37.63"
"EL232","EL003C1","Patras","48","5","5","4","S-M","1.9","0.5","25.7","12.5","34.1","2.5","21.6","13.9","27.1","14.5","6.3","12.0","2.7","6.0","10.8","12.4","17.9","13.2","33.9","6.2","5.9","14.1","0.0","0.0","25.0","0.0","54.5","0.0","37.6","No","European Capital of Culture","18.3","10.73","15.32","14.68","18.38","18.22","10.93","4.37","13.70","17.77","9.02","18.16","37.63"
"EL255","EL009C1","Kalamata","49","4","5","5","S-M","10.1","6.9","57.6","20.4","43.2","14.2","2.9","91.8","38.1","12.9","3.4","11.5","5.9","9.2","21.5","24.9","35.7","0.0","21.9","0.0","53.0","15.7","0.0","0.0","14.6","0.2","51.5","0.0","37.6","No","European Capital of Culture","36.2","16.17","14.06","23.76","32.42","39.98","9.28","7.55","27.36","7.31","16.67","17.25","37.63"
"EL300","EL001C1","Athens","50","3","5","2","XL","21.6","43.1","43.2","39.2","39.6","25.8","34.1","39.3","10.0","50.1","31.4","34.7","1.1","30.4","0.0","0.0","0.0","23.2","39.6","39.6","9.4","43.3","0.0","0.0","15.6","14.8","64.2","1.1","37.6","Yes","European Capital of Culture","33.05","18.65","25","25.68","38.59","27.52","38.76","15.76","0.00","34.13","13.66","26.69","37.63"
"ES111","ES011C1","Santiago","51","3","5","5","S-M","52.6","29.9","33.3","6.3","14.2","50.0","27.1","33.8","24.8","39.7","22.7","29.5","3.2","5.2","20.0","3.6","12.2","37.0","26.4","8.3","0.7","15.0","47.2","33.3","36.5","3.2","60.3","18.7","50.3","No","European Capital of Culture","27.7","17.85","26.8","23.58","23.78","31.63","30.61","4.20","11.92","23.90","26.54","27.38","50.34"
"ES212","ES510C1","San Sebastián-Donostia","52","2","4","4","S-M","19.2","8.7","33.7","15.9","14.0","22.9","24.8","26.8","41.7","49.1","12.2","32.6","8.1","13.9","7.7","6.2","11.4","23.7","17.2","0.0","18.1","16.6","47.2","33.3","35.9","6.0","70.8","3.8","69.8","No","European Capital of Culture","24.66","18.09","25.07","22.11","19.39","29.94","31.32","11.01","8.40","13.63","30.23","26.88","69.83"
"ES213","ES019C1","Bilbao","53","2","5","3","L","13.9","8.6","20.7","22.3","12.3","15.8","29.8","12.0","58.4","41.1","12.3","36.6","4.9","10.6","11.8","9.4","11.8","18.0","24.1","0.0","3.2","17.7","47.2","33.3","43.7","3.8","41.4","5.1","69.8","No","UNESCO Creative City","23.77","17.94","23.23","21.33","16.65","30.89","30.02","7.73","10.97","14.03","29.01","16.77","69.83"
"ES243","ES005C1","Zaragoza","54","3","4","2","XL","16.1","6.3","33.0","3.7","82.0","0.0","4.2","21.9","35.0","24.6","7.2","22.6","4.3","12.5","19.7","6.0","14.1","5.8","11.9","18.8","13.7","22.6","47.2","33.3","23.4","0.4","69.7","4.7","65.6","No","European Capital of Culture","24.95","14.24","23.1","20.3","32.46","17.45","18.13","8.38","13.28","12.13","28.06","24.94","65.61"
"ES300","ES001C1","Madrid","55","2","4","1","XXL","15.1","8.0","30.4","34.9","13.4","20.8","24.0","17.6","18.6","40.6","47.4","58.5","9.4","13.8","23.6","13.3","23.9","12.1","26.4","77.1","7.6","34.6","50.0","36.7","62.5","31.0","77.6","2.8","69.2","Yes","European Capital of Culture","21.35","29.95","39.75","28.47","22.55","20.16","48.80","11.60","20.27","38.53","38.28","37.13","69.22"
"ES412","ES515C1","Burgos","56","3","5","4","S-M","21.6","11.0","18.7","7.0","33.0","11.7","39.9","9.5","31.9","27.8","1.3","19.2","5.1","14.5","13.6","4.1","5.9","4.2","9.5","0.0","1.2","16.8","47.2","33.3","35.9","2.4","67.4","6.1","68.8","No","European Capital of Culture","21.82","11.55","19.82","17.31","18.74","24.90","16.11","9.81","7.86","4.57","26.89","25.32","68.79"
"ES415","ES516C1","Salamanca","57","5","5","4","S-M","40.1","20.3","31.3","20.7","34.1","25.0","32.4","15.3","27.1","27.2","0.9","16.7","2.4","6.0","14.7","4.3","9.1","43.4","55.7","14.6","3.7","13.4","47.2","33.3","25.0","0.3","63.9","3.2","68.8","No","European Capital of Culture","27.03","10.54","31.77","21.38","29.09","24.96","14.92","4.19","9.34","37.88","24.53","22.45","68.79"
"ES511","ES002C1","Barcelona","58","3","4","1","XXL","22.6","24.3","48.0","47.8","28.9","45.0","30.3","26.7","20.0","49.9","28.7","49.7","6.1","27.2","24.5","13.2","25.1","16.2","29.9","100.0","12.1","38.3","44.4","30.0","59.4","28.4","76.4","1.9","58.4","No","UNESCO Creative City","32.73","28.83","42.47","33.12","37.03","28.43","42.78","16.69","20.95","48.68","36.84","35.57","58.44"
"ES513","ES528C1","Lleida","59","3","5","4","S-M","21.1","15.0","42.3","21.8","33.0","5.0","14.7","2.4","36.6","24.8","5.0","21.3","4.8","13.2","17.8","3.9","12.1","6.1","37.3","0.0","6.8","37.1","47.2","33.3","32.8","3.7","69.5","17.6","58.4","No","At least two international cultural festivals","22.43","13.11","25.82","19.38","28.79","16.06","17.01","8.99","11.27","14.45","31.44","30.26","58.44"
"ES523","ES003C1","Valencia","60","4","5","2","XL","15.0","17.3","30.0","17.1","13.4","17.5","24.2","22.3","41.7","29.3","9.2","29.7","1.9","25.3","23.8","7.9","17.2","19.0","26.4","47.9","11.3","28.3","47.2","33.3","26.6","4.2","68.7","3.3","56.1","No","At least two international cultural festivals","23.45","18.33","30.79","22.87","19.19","27.71","22.73","13.58","16.32","31.10","29.33","25.41","56.15"
"ES613","ES020C1","Cordova","61","5","5","3","L","23.8","16.1","37.5","18.4","17.7","16.2","9.0","14.0","41.4","20.0","0.0","18.8","0.7","4.3","17.9","2.2","8.4","6.7","10.1","6.2","1.0","7.2","47.2","33.3","53.1","2.9","60.4","12.1","60.0","No","European Capital of Culture","22.05","9.48","21.19","16.85","23.41","20.70","12.92","2.49","9.53","7.67","28.38","25.11","60.02"
"ES614","ES501C1","Granada","62","5","5","4","S-M","57.2","35.5","38.8","74.3","34.1","52.9","52.4","13.8","27.1","34.4","7.9","24.1","2.1","6.4","16.2","3.3","10.2","38.2","36.8","25.0","2.6","16.6","47.2","33.3","25.0","3.3","60.0","2.2","60.0","No","UNESCO Creative City","41.31","13.67","29.58","27.91","48.39","34.22","22.13","4.29","9.89","33.32","24.95","21.82","60.02"
"ES618","ES004C1","Seville","63","5","5","2","XL","27.1","15.4","24.7","44.7","20.3","24.2","29.0","14.7","8.6","26.7","7.2","34.5","2.2","4.2","17.7","6.8","13.6","13.3","19.7","18.8","8.6","12.7","47.2","33.3","31.3","3.6","60.8","4.3","60.0","No","UNESCO Creative City","23.08","14.85","23.98","19.97","27.76","18.40","22.81","3.20","12.71","17.23","26.62","22.91","60.02"
"ES705","ES008C1","Las Palmas","64","5","5","3","L","7.1","5.0","39.2","17.7","17.7","12.1","6.6","22.8","41.4","25.2","1.7","23.3","0.7","3.0","26.2","3.9","17.3","3.8","6.6","0.0","6.0","20.8","47.2","33.3","53.1","8.1","0.0","0.0","54.8","No","European Capital of Culture","21.07","13.37","17.37","17.25","20.17","21.97","16.72","1.85","15.78","3.48","32.09","2.69","54.84"
"FI197","FI002C1","Tampere","65","3","2","4","S-M","7.9","34.2","17.4","13.0","88.5","15.8","20.0","21.8","31.4","26.6","9.8","26.2","100.0","36.2","6.2","3.2","4.3","19.3","0.0","16.7","2.4","11.3","59.3","6.7","60.3","6.6","48.0","10.0","95.6","No","At least two international cultural festivals","29.09","23.78","24.02","25.95","34.98","23.21","20.85","68.10","4.54","12.01","28.01","21.54","95.58"
"FI1B1","FI001C2","Helsinki","66","1","1","2","XL","17.7","28.4","17.2","19.9","14.6","20.0","18.1","22.0","64.3","58.2","60.8","63.0","80.4","65.6","6.1","7.1","7.9","25.9","16.7","33.3","10.3","21.6","59.3","6.7","96.9","31.0","82.7","26.4","95.9","Yes","European Capital of Culture","25.69","41.68","37.5","34.45","18.69","32.69","60.66","73.00","7.05","25.31","38.93","46.69","95.91"
"FI1C1","FI003C1","Turku","67","3","3","4","S-M","6.8","21.2","12.6","25.9","22.3","14.6","25.7","21.8","56.5","31.4","24.6","45.7","36.1","30.7","5.3","2.3","3.2","34.6","17.8","20.8","4.1","15.5","59.3","6.7","35.3","4.9","48.6","5.9","95.9","No","European Capital of Culture","25.25","21.69","27.21","24.22","18.71","31.79","33.91","33.40","3.63","24.40","24.20","19.82","95.91"
"FR101","FR001C1","Paris","68","1","2","1","XXL","26.8","27.4","35.5","90.2","49.7","71.7","99.7","35.1","48.6","100.0","70.1","60.0","45.1","100.0","46.8","100.0","100.0","55.0","36.8","100.0","29.8","44.2","40.7","6.7","18.8","52.4","94.5","9.2","72.3","Yes","European Capital of Culture","56.63","78.11","48.21","63.54","50.62","62.65","76.72","72.57","82.28","63.93","28.03","52.05","72.26"
"FR301","FR009C1","Lille","69","3","5","1","XXL","5.5","2.4","33.4","1.8","15.2","7.1","3.9","27.5","32.9","23.6","17.1","23.1","3.7","32.3","23.7","15.7","15.3","5.8","10.0","18.8","28.5","18.9","11.1","23.3","21.9","27.7","92.6","10.6","66.2","No","European Capital of Culture","16.48","19.41","22.76","18.91","13.61","19.35","21.27","18.02","18.25","11.52","20.75","43.62","66.15"
"FR511","FR008C1","Nantes","70","3","2","2","XL","5.7","4.6","51.1","5.8","17.5","12.1","4.0","37.6","72.9","38.0","33.5","30.1","7.3","11.2","22.9","15.8","18.7","26.8","33.5","10.4","91.2","14.0","23.6","20.0","100.0","5.6","76.6","6.6","76.6","No","At least two international cultural festivals","27.18","23.04","37.61","27.61","19.91","34.45","33.85","9.26","19.13","23.59","49.75","29.61","76.55"
"FR612","FR007C1","Bordeaux","71","3","3","2","XL","11.6","4.1","44.7","13.9","18.9","17.1","3.4","56.6","25.7","32.1","22.0","26.8","10.8","6.2","29.7","17.1","22.0","0.6","34.6","25.0","15.8","22.3","31.5","33.3","34.4","4.9","75.1","3.9","81.1","No","European Capital of Culture","24.13","21.65","27.25","23.76","21.34","26.92","26.93","8.52","22.94","20.06","27.44","27.95","81.14"
"FR623","FR004C2","Toulouse","72","2","2","2","XL","5.2","8.6","22.7","21.2","15.7","15.4","4.9","22.0","47.6","40.8","31.3","41.4","36.4","13.3","30.3","19.6","24.7","35.4","66.3","27.1","51.3","28.8","23.6","20.0","52.1","8.3","75.6","3.3","80.0","No","European Capital of Culture","20.06","30.06","39.6","27.97","16.63","23.49","37.84","24.83","24.89","42.94","35.15","29.07","80.03"
"FR715","FR011C1","Saint-Etienne","73","4","4","3","L","3.5","4.4","33.4","4.1","15.2","3.3","2.3","27.5","26.7","20.7","4.5","16.7","5.6","24.3","25.2","8.5","12.6","17.8","10.6","0.0","53.2","23.5","23.6","20.0","50.0","12.6","82.5","8.8","79.4","No","UNESCO Creative City","15.38","14.76","26.56","17.37","14.16","16.59","13.95","14.93","15.47","9.45","34.06","34.62","79.39"
"FR716","FR003C2","Lyon","74","1","3","1","XXL","5.9","3.5","47.1","15.0","22.8","10.8","3.7","33.8","100.0","32.8","25.0","31.5","13.3","28.1","26.0","32.6","29.1","25.6","7.1","37.5","31.8","30.6","23.6","20.0","43.8","24.2","85.7","8.4","77.7","No","European Capital of Culture","31.61","27.74","31.16","29.97","22.39","40.83","29.78","20.66","29.23","23.43","29.96","39.45","77.69"
"FR813","FR010C1","Montpellier","75","3","5","3","L","8.9","6.2","23.9","11.2","24.3","20.8","4.3","37.9","36.2","33.0","21.5","27.3","10.6","11.0","38.7","20.2","25.0","62.2","45.1","37.5","38.3","32.7","23.6","20.0","22.9","9.8","77.5","10.5","71.5","No","At least two international cultural festivals","21.05","24.26","38.78","25.88","16.76","25.35","27.28","10.78","27.98","48.28","27.51","32.59","71.46"
"FR824","FR203C1","Marseilles","76","2","5","1","XXL","7.7","5.8","34.4","11.3","14.8","10.0","7.8","33.1","17.1","26.7","8.3","18.7","30.3","10.4","34.8","21.6","28.6","20.6","25.2","29.2","12.2","35.7","11.1","16.7","12.5","10.4","78.9","8.3","63.9","No","European Capital of Culture","17.41","22.55","25.14","21.01","16.82","17.99","17.90","20.38","28.29","25.01","17.63","32.57","63.92"
"FR826","FR039C2","Avignon","77","3","5","4","S-M","16.6","20.1","43.0","51.4","36.8","37.5","2.0","35.2","47.6","31.9","7.6","20.2","3.0","13.8","49.1","14.3","23.5","21.0","30.8","0.0","39.0","30.4","23.6","20.0","52.1","10.7","78.6","30.9","63.9","No","European Capital of Culture","33.5","21.22","29.31","27.75","37.40","29.61","19.90","8.39","28.97","17.24","33.01","40.06","63.92"
"HR031","HR002C1","Rijeka","78","4","4","4","S-M","40.3","32.4","26.6","4.1","58.6","8.3","4.6","21.8","7.8","13.7","8.1","17.0","0.3","27.5","17.2","15.3","16.7","6.0","15.4","0.0","0.3","28.1","87.0","76.7","62.5","3.9","76.8","1.5","30.2","No","European Capital of Culture","21.2","14.51","28.86","20.06","31.41","10.99","12.93","13.88","16.42","7.17","50.93","27.39","30.24"
"HR035","HR005C1","Split","79","5","5","4","S-M","32.3","22.1","27.1","7.1","41.7","22.5","3.8","14.0","27.1","13.7","6.5","13.5","2.1","6.0","7.7","11.1","16.0","26.1","41.2","0.0","0.5","18.7","87.0","76.7","25.0","2.0","67.3","0.3","30.2","No","At least two international cultural festivals","20.91","9.94","30.59","18.46","25.78","16.03","11.22","4.08","11.59","22.43","41.58","23.17","30.24"
"HR041","HR001C1","Zagreb","80","3","4","2","XL","8.8","12.4","17.9","11.5","82.0","5.8","3.3","15.7","30.0","28.8","33.7","28.4","11.5","14.0","26.1","41.4","36.7","9.7","6.3","4.2","2.1","31.3","87.0","76.7","25.0","3.3","79.2","1.5","33.6","Yes","At least two international cultural festivals","22.67","28.57","26.34","25.76","30.50","14.84","30.30","12.77","34.75","6.72","44.42","28.02","33.60"
"HR04B","HR004C1","Osijek","81","5","5","4","S-M","4.5","8.7","40.5","24.0","30.6","0.8","0.0","14.9","27.1","10.2","3.6","10.3","2.1","6.0","6.7","7.0","12.3","26.1","41.2","0.0","0.4","26.0","87.0","76.7","25.0","0.0","72.0","0.9","33.6","No","European Capital of Culture","18.76","7.51","31.51","16.81","25.41","12.11","8.05","4.08","8.69","22.43","43.02","24.31","33.60"
"HU101","HU001C1","Budapest","82","2","3","1","XXL","13.1","14.1","35.1","16.3","47.3","100.0","14.0","25.6","32.9","31.1","32.4","26.7","8.6","8.7","27.1","41.1","62.3","12.7","18.2","18.8","21.7","12.9","48.1","63.3","12.5","7.0","79.2","4.9","42.1","Yes","UNESCO Creative City","31.53","31.15","25.95","30.26","28.07","34.99","30.07","8.67","43.48","16.54","31.71","30.35","42.07"
"HU221","HU007C1","Győr","83","4","3","4","S-M","3.7","14.0","45.4","18.2","12.6","8.3","2.1","33.3","43.3","20.3","8.1","15.4","2.1","10.9","16.9","7.0","18.9","1.0","4.9","0.0","23.7","6.0","48.1","63.3","12.5","29.8","79.5","17.2","51.0","No","At least two international cultural festivals","22.48","12.84","21.95","18.52","21.28","23.67","14.60","6.49","14.26","1.97","30.71","42.18","51.01"
"HU231","HU004C1","Pécs","84","5","5","4","S-M","11.1","5.3","25.7","24.0","33.0","3.8","12.3","13.9","27.1","25.0","11.1","15.6","2.1","6.0","14.5","8.9","12.9","16.0","11.9","0.0","9.8","8.1","48.1","63.3","25.0","0.0","73.4","4.5","51.0","No","European Capital of Culture","19.25","12.55","22.51","17.22","22.73","15.76","17.25","4.04","12.10","9.29","30.87","25.96","51.01"
"HU333","HU006C1","Szeged","85","5","4","4","S-M","12.5","6.5","33.5","2.5","15.1","4.6","1.9","24.1","34.8","26.4","14.1","16.4","2.3","5.5","16.6","8.2","13.3","28.4","47.0","8.3","11.4","12.9","48.1","63.3","35.4","0.9","72.8","4.1","46.3","No","At least two international cultural festivals","16.58","13.44","31.06","18.22","15.15","18.01","18.97","3.88","12.69","27.91","34.23","25.93","46.34"
"IE013","IE004C1","Galway","86","3","4","5","S-M","71.8","61.2","69.8","100.0","22.0","23.0","7.3","30.6","51.9","24.3","24.5","18.3","14.6","5.1","25.4","18.0","23.0","100.0","38.7","25.0","26.6","46.1","83.3","50.0","46.2","3.2","56.3","7.6","80.4","No","European Capital of Culture","46.74","19.77","49.38","36.48","64.56","28.91","22.37","9.85","22.14","54.56","50.44","22.39","80.40"
"IE021","IE001C1","Dublin","87","1","3","2","XL","45.5","51.5","42.9","100.0","26.8","11.3","35.4","48.0","45.7","33.6","46.3","32.8","21.7","19.7","33.7","44.9","30.3","36.6","7.3","66.7","35.4","38.9","83.3","50.0","62.5","70.1","95.8","23.5","77.0","Yes","European Capital of Culture","46.51","33.71","49.67","42.02","54.53","38.49","37.59","20.72","36.33","36.85","54.02","63.13","77.00"
"IE023","IE003C1","Limerick","88","3","5","5","S-M","84.1","91.5","33.9","58.4","28.5","48.9","12.3","38.2","25.9","27.4","13.1","20.6","10.9","2.6","25.1","11.9","14.0","100.0","38.8","4.2","24.2","28.1","83.3","50.0","28.1","3.6","56.9","6.6","77.0","No","European Capital of Culture","40.5","16.29","43.37","31.39","52.15","28.84","20.37","6.73","16.98","47.66","42.75","22.40","77.00"
"IE024","IE005C1","Waterford","89","4","5","5","S-M","36.0","30.8","41.8","34.6","52.4","8.6","3.8","91.8","32.1","20.9","25.4","16.6","2.9","9.2","21.5","24.9","34.1","17.9","21.9","0.0","46.0","30.7","83.3","50.0","33.4","0.1","58.0","8.1","77.0","No","European Capital of Culture","39.13","20.32","31.95","30.17","40.53","37.74","20.94","6.06","26.83","13.28","48.69","22.05","77.00"
"IE025","IE002C1","Cork","90","1","4","4","S-M","50.1","58.3","71.4","100.0","54.8","34.0","12.4","100.0","40.0","28.8","21.3","22.7","12.2","6.6","31.1","16.4","19.6","61.7","31.5","27.1","28.5","30.4","83.3","50.0","45.9","2.4","56.3","4.8","77.0","No","European Capital of Culture","59.24","20.55","42.1","40.34","70.09","48.39","24.27","9.41","22.39","40.08","47.61","21.17","77.00"
"ITC11","IT004C1","Turin","91","3","4","2","XL","15.4","20.3","25.4","15.5","82.0","10.0","3.8","22.4","40.0","55.0","20.4","25.5","11.7","19.6","11.5","7.8","21.4","13.3","4.1","45.8","16.4","27.0","0.0","6.7","21.9","26.2","86.4","4.7","44.6","No","UNESCO Creative City","27.77","22.01","22.28","24.37","35.20","20.33","33.65","15.60","13.57","21.07","14.38","39.13","44.64"
"ITC33","IT006C1","Genoa","92","3","4","2","XL","31.9","20.7","25.4","13.2","82.0","7.9","3.8","22.4","35.0","51.1","20.4","25.5","19.1","10.0","11.9","5.7","15.2","10.1","2.8","22.9","11.5","27.0","9.7","13.3","23.4","13.2","84.0","8.5","40.1","No","European Capital of Culture","27.67","20.22","18.87","22.93","36.74","18.60","32.37","14.55","10.92","11.96","16.98","35.23","40.14"
"ITC47","IT029C1","Brescia","93","3","4","4","S-M","30.6","21.3","22.4","6.2","49.3","7.5","5.9","18.9","34.5","55.2","19.3","40.3","3.8","29.6","12.2","4.1","11.8","2.1","0.9","8.3","22.4","24.3","9.7","13.3","22.4","32.9","85.9","11.2","47.2","No","At least two international cultural festivals","21.99","22.37","17.74","21.29","25.97","18.02","38.25","16.68","9.34","3.77","18.42","43.34","47.18"
"ITC4C","IT002C1","Milan","94","1","2","1","XXL","33.6","24.8","20.3","28.1","49.7","25.8","99.7","19.2","44.3","72.3","48.0","41.5","10.9","45.4","19.8","16.5","37.2","32.3","12.8","97.9","12.2","44.4","9.7","13.3","9.4","52.4","94.5","9.2","47.2","No","At least two international cultural festivals","41.08","37.02","36.35","38.51","31.84","50.31","53.94","28.15","24.53","47.67","17.79","52.05","47.18"
"ITF33","IT003C1","Naples","95","5","5","2","XL","25.0","14.7","24.7","21.8","29.5","7.1","29.0","18.5","8.6","36.4","7.2","34.5","1.3","7.1","11.6","5.3","13.1","21.6","6.3","29.2","6.4","10.8","31.5","23.3","31.2","4.9","60.8","5.1","8.2","No","At least two international cultural festivals","20.5","15.25","19.81","18.26","23.97","17.03","26.03","4.21","10.00","19.02","20.64","23.60","8.16"
"ITF45","IT037C1","Lecce","96","5","5","5","S-M","45.7","58.0","11.8","6.5","39.6","17.5","13.4","13.6","16.4","41.0","9.6","13.6","1.6","5.4","14.6","5.3","12.7","68.5","0.0","0.0","7.6","14.0","9.7","13.3","22.9","1.4","61.3","13.1","22.8","No","European Capital of Culture","21.17","13.61","19.48","17.81","27.44","14.90","21.39","3.51","10.89","22.85","13.52","25.27","22.80"
"ITF52","IT054C1","Matera","97","5","4","5","S-M","87.8","59.7","20.3","26.0","57.7","10.0","23.6","18.3","14.0","33.0","15.7","25.0","1.9","4.9","12.7","4.4","12.2","5.6","0.0","0.0","23.2","22.8","9.7","13.3","18.2","2.9","63.9","0.0","27.0","No","European Capital of Culture","30.91","14.4","12.42","20.61","44.42","17.40","24.56","3.40","9.74","1.88","17.44","22.25","26.96"
"ITG27","IT027C1","Cagliari","98","4","5","4","S-M","47.8","21.5","27.8","25.5","58.2","9.6","13.6","22.3","23.6","53.0","16.9","17.2","1.7","29.7","9.2","9.6","15.0","22.7","29.6","8.3","1.6","15.9","9.7","13.3","18.8","2.8","52.7","0.3","29.6","No","European Capital of Culture","27.44","19.27","17.1","22.1","36.53","18.35","29.05","15.71","11.28","20.23","11.85","18.61","29.61"
"ITH20","IT014C1","Trento","99","2","4","4","S-M","67.3","37.4","33.7","4.6","44.5","23.8","24.8","30.1","18.8","43.5","12.2","32.6","3.6","11.0","7.6","5.5","10.7","30.5","33.2","22.9","17.2","16.6","9.7","13.3","42.7","2.9","83.6","26.9","83.5","No","At least two international cultural festivals","29.12","16.41","29.37","24.09","33.79","24.45","29.43","7.27","7.96","28.89","19.91","37.80","83.52"
"ITH35","IT011C1","Venice","100","3","4","3","L","100.0","100.0","29.9","73.0","48.5","34.0","25.2","16.7","34.0","52.7","17.3","32.8","3.3","24.1","10.8","6.8","13.6","58.5","9.3","2.1","11.5","36.2","9.7","13.3","45.4","17.1","83.2","33.1","55.3","No","At least two international cultural festivals","44.71","20.61","28.04","31.74","62.85","26.57","34.26","13.71","10.41","23.29","23.22","44.47","55.35"
"ITH44","IT015C1","Trieste","101","2","4","4","S-M","65.7","74.3","33.7","14.2","35.9","12.5","24.8","30.1","28.3","42.9","12.2","32.6","8.1","18.8","16.8","4.7","11.7","16.9","1.2","18.8","24.1","16.6","9.7","13.3","19.3","11.2","79.6","11.3","68.2","No","At least two international cultural festivals","32.01","18.81","20.06","24.34","38.46","25.57","29.25","13.43","11.05","12.27","16.59","34.03","68.17"
"ITH52","IT503C1","Parma","102","2","2","4","S-M","37.7","22.1","24.7","11.1","48.3","10.0","50.9","45.3","35.2","58.1","6.4","28.8","8.7","36.5","9.5","7.0","15.9","19.3","2.2","16.7","11.9","14.1","9.7","13.3","42.2","20.0","83.5","21.3","68.2","No","UNESCO Creative City","33.74","21.27","22.04","26.41","28.50","38.98","31.10","22.58","10.78","12.74","18.23","41.59","68.17"
"ITH55","IT009C1","Bologna","103","1","1","3","L","38.6","40.6","29.8","22.1","24.6","19.2","18.8","34.2","34.3","64.0","52.5","59.2","12.9","55.4","13.3","8.3","17.3","56.9","14.6","31.2","13.8","44.3","3.7","10.0","31.2","18.1","82.7","29.3","54.6","No","European Capital of Culture","28.36","35.44","31.18","31.76","29.03","27.68","58.58","34.13","12.96","34.26","20.60","43.37","54.62"
"ITH57","IT506C1","Ravenna","104","3","5","4","S-M","26.7","22.7","43.0","8.1","33.0","67.5","14.7","35.2","22.4","46.2","6.6","21.3","5.2","17.6","14.2","2.8","10.5","10.4","25.9","0.0","13.7","27.8","9.7","13.3","18.2","6.6","79.1","9.2","54.6","No","European Capital of Culture","28.76","15.84","18.93","21.63","27.22","30.30","24.70","11.40","9.19","12.10","16.55","31.61","54.62"
"ITI14","IT007C1","Florence","105","2","2","3","L","56.6","91.9","25.1","57.3","63.9","87.5","35.9","31.0","77.1","63.5","15.4","0.0","6.3","29.9","12.9","8.3","17.1","25.5","4.0","31.2","12.5","37.5","9.7","13.3","81.3","11.3","80.3","26.1","47.4","No","European Capital of Culture","54.37","19.23","28.71","35.18","55.12","53.63","26.29","18.12","12.73","20.26","30.86","39.26","47.37"
"ITI21","IT016C1","Perugia","106","4","3","4","S-M","44.3","36.9","39.5","18.2","12.6","8.3","2.1","29.9","49.5","68.4","8.1","15.4","2.2","64.1","12.0","5.8","13.5","25.7","15.0","18.8","9.4","6.0","9.7","13.3","15.1","0.6","74.8","4.3","48.3","No","European Capital of Culture","26.09","23.06","18.61","23.38","27.71","24.47","30.63","33.16","10.45","19.83","10.71","26.57","48.25"
"ITI43","IT001C1","Rome","107","2","4","1","XXL","35.8","17.9","30.4","25.8","13.4","33.3","24.0","21.2","12.9","63.9","47.4","58.5","6.6","12.4","20.7","14.9","33.5","14.7","2.4","56.2","9.9","34.6","3.7","0.0","12.5","32.0","80.4","3.1","24.9","Yes","UNESCO Creative City","22.73","33.74","21.66","26.92","24.11","21.35","56.58","9.47","23.02","24.45","12.15","38.50","24.92"
"LT002","LT002C1","Kaunas","108","4","2","3","L","11.1","24.7","34.8","0.0","21.2","3.3","8.8","25.4","51.9","19.2","9.6","13.9","0.9","5.5","7.7","17.7","12.0","14.6","17.1","0.0","8.0","6.7","88.9","43.3","30.2","3.2","61.0","0.2","45.6","No","UNESCO Creative City","21.76","11.31","23.91","18.01","18.46","25.07","14.22","3.21","12.46","10.59","35.43","21.47","45.56"
"LT003","LT501C1","Klaipeda","109","4","1","4","S-M","21.8","10.8","78.9","8.2","20.5","7.1","5.8","32.4","62.4","18.6","3.1","13.3","0.9","3.8","8.8","6.4","15.7","10.6","12.0","0.0","14.1","22.8","88.9","43.3","40.6","0.2","57.0","0.9","45.6","No","At least two international cultural festivals","30.35","9.26","24.98","20.84","30.96","29.74","11.68","2.35","10.29","7.52","41.96","19.39","45.56"
"LT00A","LT001C1","Vilnius","110","2","1","2","XL","19.7","22.8","14.8","11.8","24.2","10.8","10.1","12.8","41.4","26.6","23.3","24.1","22.9","15.6","100.0","49.2","91.5","19.7","38.0","2.1","14.3","18.9","88.9","43.3","34.4","3.2","60.0","0.4","45.6","Yes","European Capital of Culture","18.96","45.82","29.43","31.8","18.02","19.91","24.70","19.23","80.24","19.94","39.96","21.23","45.56"
"LU000","LU001C1","Luxembourg","111","1","2","5","S-M","51.8","53.3","34.7","36.0","46.6","27.0","35.1","44.0","45.7","73.2","42.8","38.2","8.3","100.0","35.2","68.6","67.8","7.3","0.0","0.0","78.2","45.3","72.2","43.3","56.2","7.9","92.8","42.5","89.9","Yes","European Capital of Culture","40.98","54.27","36.25","45.35","42.45","39.52","51.40","54.13","57.21","2.42","59.07","47.72","89.89"
"LV003","LV002C1","Liepāja","112","5","3","5","S-M","20.9","9.7","0.9","32.8","11.1","3.8","2.0","1.7","30.0","16.2","3.6","8.5","0.7","12.3","11.5","7.2","11.8","4.9","10.0","0.0","100.0","36.2","22.2","6.7","54.2","0.2","54.9","0.0","44.3","No","European Capital of Culture","12.58","9.12","24.51","13.58","15.01","10.14","9.41","6.47","10.17","4.98","43.87","18.38","44.27"
"LV006","LV001C1","Riga","113","3","1","2","XL","13.6","24.9","14.1","10.7","7.6","12.1","14.1","15.1","27.1","20.6","24.4","27.1","1.7","20.7","28.9","31.6","17.9","12.8","34.6","0.0","8.8","36.9","22.2","6.7","18.8","6.1","57.9","0.1","44.3","Yes","European Capital of Culture","15.37","22.31","19.19","18.91","12.90","17.84","24.04","11.24","26.12","15.77","18.67","21.35","44.27"
"MT001","MT001C1","Valletta","114","4","4","4","S-M","24.6","21.7","26.6","22.9","58.6","8.3","4.6","25.3","8.6","13.7","8.1","17.0","0.3","45.2","17.2","15.3","16.0","6.0","15.4","0.0","37.9","28.1","22.2","70.0","93.8","3.1","0.0","0.0","64.1","Yes","European Capital of Culture","22.5","16.19","26.38","20.75","32.82","12.18","12.93","22.75","16.17","7.17","50.39","1.02","64.08"
"NL113","NL007C1","Groningen","115","1","2","4","S-M","2.3","14.6","24.3","10.5","15.9","19.0","18.9","30.7","60.0","18.2","38.8","52.4","9.5","6.4","34.0","33.3","21.8","35.3","44.7","37.5","1.5","39.3","40.7","40.0","84.4","1.4","84.4","23.6","91.5","No","At least two international cultural festivals","24.41","28.06","42.19","29.43","14.78","34.03","36.47","7.91","29.72","39.18","41.18","36.49","91.49"
"NL121","NL015C1","Leeuwarden","116","3","5","5","S-M","13.2","26.5","43.9","24.7","14.2","48.9","14.7","38.2","37.6","20.0","20.1","40.6","5.1","6.7","30.1","20.3","17.1","0.0","51.2","0.0","28.3","22.1","34.0","22.2","37.2","40.7","83.8","33.9","92.4","No","European Capital of Culture","29.28","20.94","30.87","26.26","25.69","32.88","26.91","5.87","22.50","17.06","28.77","52.79","92.37"
"NL310","NL004C1","Utrecht","117","1","1","3","L","11.4","14.5","29.8","18.8","24.6","3.3","18.8","34.2","42.9","49.4","54.6","58.1","10.2","30.0","40.9","35.1","35.1","42.9","88.3","35.4","16.3","44.3","34.0","22.2","33.4","65.0","93.4","85.3","92.3","No","At least two international cultural festivals","24.71","40.47","51.02","36.28","21.54","27.87","54.04","20.12","37.07","55.53","30.03","81.21","92.31"
"NL326","NL002C1","Amsterdam","118","1","1","2","XL","26.7","50.4","23.0","85.5","38.7","56.2","38.4","31.1","65.7","36.2","41.6","61.4","16.3","48.5","65.7","55.4","49.2","20.8","37.4","70.8","3.8","48.0","38.9","16.7","31.2","31.0","82.7","26.4","87.0","Yes","European Capital of Culture","46.56","47.73","39.65","45.65","46.43","46.68","46.38","32.40","56.75","43.02","27.72","46.69","87.04"
"NL332","NL001C1","The Hague","119","2","2","2","XL","10.4","16.2","40.7","28.2","15.7","8.3","4.9","33.5","43.3","41.8","21.7","43.5","14.6","32.9","35.5","25.4","38.0","6.0","28.1","0.0","5.3","28.8","34.0","22.2","41.6","56.8","91.8","45.2","91.0","No","At least two international cultural festivals","24.5","32.2","29.35","28.55","24.47","24.53","35.66","23.77","32.95","11.38","26.38","64.62","90.98"
"NL337","NL507C1","Leiden","120","2","1","4","S-M","22.7","23.5","0.0","33.9","10.7","30.8","100.0","27.4","62.4","20.9","11.2","35.4","17.1","14.8","30.9","20.8","22.6","59.1","35.5","35.4","1.5","49.6","34.0","22.2","35.7","46.8","90.7","100.0","91.0","No","At least two international cultural festivals","37.77","22.12","45.2","33","16.91","58.62","22.50","15.99","24.80","43.32","28.60","79.19","90.98"
"NL339","NL003C1","Rotterdam","121","1","2","2","XL","13.4","11.2","27.0","14.1","15.4","5.8","16.1","31.0","52.9","29.9","15.0","45.9","6.7","39.7","36.7","22.1","31.6","7.7","20.9","27.1","1.5","54.2","22.2","10.0","25.0","65.2","93.0","22.8","91.0","No","European Capital of Culture","23.29","28.81","30.05","26.85","17.20","29.37","30.28","23.18","30.15","18.56","22.58","60.33","90.98"
"NL413","NL503C1","'s-Hertogenbosch","122","1","1","4","S-M","18.8","12.3","100.0","9.4","88.3","25.8","39.5","89.8","48.1","26.3","35.2","60.3","11.3","43.5","30.1","22.7","24.9","17.4","29.5","0.0","40.7","42.7","34.0","22.2","36.8","87.8","94.3","91.3","88.0","No","At least two international cultural festivals","53.84","32.08","38.44","42.06","53.30","54.38","40.62","27.36","25.90","15.62","35.29","91.14","88.01"
"NL414","NL005C1","Eindhoven","123","1","1","4","S-M","6.2","9.8","100.0","17.1","88.3","25.8","39.5","89.8","46.7","19.9","40.0","74.8","100.0","100.0","34.7","22.9","28.1","15.4","69.9","20.8","3.5","42.7","34.0","22.2","36.8","89.3","95.6","53.2","88.0","No","European Capital of Culture","53.66","49.37","41.6","49.53","53.36","53.97","44.87","100.00","28.56","35.38","27.85","79.37","88.01"
"NL423","NL505C1","Maastricht","124","3","4","4","S-M","27.4","28.0","20.8","33.0","49.9","26.2","36.9","30.0","58.4","11.7","19.3","40.3","10.1","12.3","29.1","17.5","17.8","27.1","3.5","16.7","2.4","39.8","34.0","22.2","46.1","57.9","95.3","47.9","89.4","No","European Capital of Culture","36.2","20.31","32.4","29.08","32.86","39.55","23.74","11.17","21.45","15.76","28.90","67.06","89.45"
"NO012","NO001C1","Oslo","125","1","1","2","XL","25.3","49.2","23.0","34.9","38.7","22.1","38.4","31.1","61.4","58.2","60.8","63.0","19.6","7.2","26.7","49.3","25.0","26.3","5.6","33.3","5.0","43.6","50.0","6.7","100.0","25.9","59.5","0.0","90.4","Yes","At least two international cultural festivals","37.01","40.41","33.92","37.75","33.45","40.57","60.66","13.40","33.65","21.77","41.06","28.46","90.39"
"NO043","NO004C1","Stavanger","126","1","1","4","S-M","16.8","38.5","100.0","17.4","88.3","22.9","39.5","89.8","61.0","61.6","56.4","72.6","15.0","3.2","26.3","19.2","22.6","15.2","6.5","0.0","25.4","31.8","50.0","6.7","60.3","5.4","52.7","0.0","87.4","No","European Capital of Culture","57.99","36.3","24.11","42.54","58.34","57.64","63.50","9.07","22.72","7.24","34.85","19.38","87.35"
"NO051","NO002C1","Bergen","127","1","1","3","L","12.8","34.7","29.8","19.9","24.6","20.8","18.8","34.2","42.9","49.2","52.5","59.2","6.3","32.2","27.8","47.8","50.0","27.2","5.2","27.1","4.2","23.0","50.0","6.7","33.4","8.2","50.6","0.0","73.3","No","European Capital of Culture","27.44","42.06","23.92","32.58","24.52","30.37","53.66","19.23","41.88","19.85","23.45","19.58","73.31"
"PL114","PL002C1","Łódź","128","4","3","2","XL","2.2","3.4","12.3","0.8","12.6","1.7","3.0","13.1","54.3","1.5","9.2","14.4","2.4","21.2","20.6","18.6","11.1","25.8","35.0","0.0","2.9","0.0","37.7","16.7","18.8","0.3","77.6","2.2","46.7","No","At least two international cultural festivals","13.74","12.41","20.55","14.57","7.12","20.36","8.37","11.81","16.75","20.29","15.23","26.71","46.68"
"PL127","PL001C1","Warsaw","129","1","1","1","XXL","8.5","7.8","27.5","6.8","15.1","7.9","17.0","29.5","28.6","9.6","37.3","29.0","4.8","51.3","31.2","98.2","55.6","21.9","11.4","18.8","6.9","0.2","29.6","13.3","9.4","12.8","78.2","3.0","45.5","Yes","European Capital of Culture","18.48","40.39","18.68","27.28","14.37","22.58","25.28","28.07","61.67","17.37","11.89","31.34","45.53"
"PL213","PL003C1","Kraków","130","4","3","2","XL","15.4","23.1","31.0","25.9","12.9","17.9","45.6","25.1","54.3","4.8","17.9","18.8","4.5","28.1","28.6","65.6","34.5","40.1","36.7","12.5","2.2","0.2","40.7","23.3","18.8","5.6","79.7","2.6","52.0","No","European Capital of Culture","30.25","25.95","25.72","27.62","22.24","38.27","13.84","16.32","42.88","29.78","17.03","29.30","52.03"
"PL22A","PL010C1","Katowice","131","4","5","3","L","3.5","5.1","46.0","2.9","13.4","3.3","1.5","33.2","15.7","10.7","26.9","29.9","0.8","13.5","22.3","34.1","27.1","59.5","37.5","0.0","2.3","0.0","37.7","16.7","9.4","29.2","82.3","10.0","43.0","No","European Capital of Culture","15.74","21.55","26.44","20.2","16.62","14.85","22.50","7.14","27.81","32.31","13.22","40.50","43.03"
"PL314","PL009C1","Lublin","132","5","4","3","L","4.9","1.4","8.4","4.8","11.8","0.8","5.5","11.5","35.7","0.1","8.0","8.8","0.1","11.1","20.5","20.3","19.5","41.1","29.1","0.0","2.5","0.0","37.7","16.7","63.6","0.0","69.7","4.0","49.1","No","European Capital of Culture","11.12","11.4","25.14","14.04","7.04","15.20","5.61","5.61","20.08","23.41","24.10","24.54","49.09"
"PL415","PL005C1","Poznań ","133","3","2","2","XL","13.2","10.6","51.1","8.3","13.3","5.0","3.0","34.7","72.9","3.2","19.8","21.4","2.7","49.8","35.3","71.5","52.9","44.0","38.5","0.0","2.3","0.0","37.7","16.7","100.0","1.4","78.8","10.5","49.6","No","At least two international cultural festivals","26.74","32.45","30.55","29.79","21.16","32.31","14.80","26.26","53.21","27.49","31.35","30.24","49.59"
"PL514","PL004C1","Wrocław","134","4","2","2","XL","9.7","7.3","30.2","9.6","11.6","6.2","13.7","25.7","50.0","2.4","18.4","19.0","4.4","45.4","28.1","65.7","43.5","27.9","50.5","4.2","3.1","0.2","37.7","16.7","68.8","2.0","82.3","5.1","42.9","No","European Capital of Culture","20.7","28.58","27.74","25.26","14.97","26.43","13.27","24.91","45.73","27.52","25.29","29.80","42.90"
"PL613","PL013C1","Toruń ","135","5","3","4","S-M","15.6","20.2","32.2","14.3","16.0","4.6","9.2","20.2","44.3","0.9","0.5","10.0","1.6","36.9","26.0","22.9","21.5","40.9","0.0","0.0","1.2","0.0","37.7","16.7","58.3","0.4","72.7","14.8","58.6","No","At least two international cultural festivals","20.91","14.75","21.88","18.64","20.10","21.72","3.79","19.26","23.46","13.62","22.78","29.30","58.64"
"PL634","PL006C1","Gdańsk","136","4","3","3","L","17.7","12.6","21.1","8.5","10.6","10.4","6.3","24.4","35.7","0.4","13.0","11.4","2.4","17.4","21.2","15.7","14.2","26.3","43.1","0.0","3.2","0.0","42.6","13.3","21.9","3.0","69.6","18.5","58.6","No","European Capital of Culture","17.14","12.1","23.22","16.34","13.81","20.46","8.28","9.88","17.03","23.14","16.20","30.36","58.64"
"PT113","PT505C1","Guimarães","137","5","4","4","S-M","28.1","15.1","24.2","14.0","10.5","2.9","21.2","6.4","36.6","23.2","16.4","24.6","3.3","5.5","22.5","5.1","36.0","28.4","47.0","0.0","10.0","6.5","48.1","6.7","33.3","6.2","0.0","3.9","56.8","No","European Capital of Culture","18.15","17.89","21.78","18.77","17.55","18.76","21.35","4.40","21.18","25.13","20.93","3.39","56.82"
"PT114","PT002C1","Porto","138","5","5","4","S-M","55.7","40.4","7.7","21.1","55.9","30.0","61.5","4.4","27.1","19.3","6.0","15.4","1.4","6.0","36.4","15.0","74.3","39.8","41.2","27.1","36.3","11.1","48.1","6.7","25.0","0.8","66.1","2.4","56.8","No","European Capital of Culture","32.02","22.92","30.9","28.16","33.19","30.86","13.57","3.70","41.87","36.03","25.45","23.08","56.82"
"PT162","PT005C1","Coimbra","139","5","2","4","S-M","30.4","17.8","43.2","22.9","36.0","8.8","6.7","23.7","30.5","24.7","9.9","24.8","1.3","5.7","31.1","8.1","64.2","25.7","10.5","22.9","8.0","12.5","48.1","6.7","39.3","5.4","0.0","16.0","60.7","No","At least two international cultural festivals","25.09","22.41","21.15","23.23","31.54","18.63","19.78","3.53","34.47","19.70","22.92","7.11","60.73"
"PT171","PT001C1","Lisbon","140","3","3","2","XL","41.3","51.6","44.7","89.6","71.8","50.0","70.6","54.6","7.1","32.0","22.0","26.8","1.6","6.2","54.3","32.1","100.0","33.0","34.6","41.7","37.9","21.4","48.1","6.7","12.5","4.9","75.1","3.9","58.2","Yes","European Capital of Culture","54.04","36.42","31.8","42.54","63.15","44.94","26.93","3.89","62.16","36.43","25.32","27.97","58.15"
"RO113","RO002C1","Cluj-Napoca","141","5","5","3","L","13.8","6.6","38.4","8.0","17.7","3.8","7.2","22.0","41.4","25.7","6.3","22.9","0.7","1.8","41.9","79.2","37.5","17.3","24.3","0.0","5.3","17.8","100.0","100.0","53.1","1.1","66.9","2.8","22.2","No","European Capital of Culture","19.63","28.71","32.29","25.79","18.55","20.71","18.29","1.23","52.88","13.87","55.25","23.57","22.21"
"RO114","RO507C1","Baia Mare","142","5","5","4","S-M","26.1","7.4","25.7","24.0","16.4","0.4","6.5","13.9","27.1","19.3","6.0","15.4","2.1","6.0","30.8","23.4","16.6","26.1","41.2","0.0","6.7","15.4","80.6","75.0","25.0","0.0","65.2","2.2","22.2","No","European Capital of Culture","17.18","15.68","29.68","19.08","20.73","13.62","13.57","4.08","23.60","22.43","40.55","22.48","22.21"
"RO126","RO009C1","Sibiu","143","5","3","4","S-M","23.4","21.1","32.2","7.4","28.7","7.9","45.1","23.7","40.9","0.9","0.5","10.0","4.7","36.9","34.0","31.2","31.2","40.9","0.0","0.0","1.0","0.0","80.6","75.0","25.0","0.4","64.8","4.4","35.2","No","European Capital of Culture","27.56","18.54","25.23","23.49","22.65","32.47","3.80","20.82","32.13","13.63","36.32","23.23","35.20"
"RO213","RO502C1","Iași","144","5","4","3","L","6.6","2.1","10.2","2.0","9.1","1.7","4.6","11.2","35.7","14.0","5.9","13.1","0.1","1.6","22.2","60.2","24.4","17.9","29.1","0.0","3.7","2.5","80.6","75.0","34.4","0.5","57.3","2.5","21.2","No","At least two international cultural festivals","10.69","18.8","26.05","17.01","6.42","14.97","10.99","0.83","35.59","15.68","39.25","20.10","21.25"
"RO321","RO001C1","Bucharest","145","1","4","1","XXL","6.1","3.8","17.9","7.1","14.3","2.5","4.1","24.6","12.9","44.7","30.1","36.8","2.7","9.8","49.9","95.7","87.0","0.0","1.1","4.2","4.6","78.4","61.1","50.0","18.8","8.2","68.5","1.7","8.5","Yes","European Capital of Culture","11.65","47.15","22.08","27.94","11.07","12.23","37.20","6.29","77.54","1.76","42.57","26.12","8.51"
"RO424","RO003C1","Timișoara","146","4","5","3","L","5.1","2.4","39.3","5.0","17.1","3.3","2.4","38.5","15.7","15.8","17.0","25.1","4.5","16.1","37.1","41.9","38.6","59.5","41.2","0.0","2.0","22.1","80.6","75.0","9.4","0.9","69.6","2.3","23.1","No","European Capital of Culture","16.45","25.46","33.35","23.43","16.28","16.63","19.33","10.25","39.19","33.57","37.82","24.25","23.10"
"SE110","SE001C1","Stockholm","147","1","1","2","XL","13.9","22.1","22.0","16.3","46.1","30.8","71.5","30.9","64.3","56.9","81.3","55.5","98.0","48.2","11.1","12.5","11.1","6.2","0.0","79.2","4.6","39.9","92.6","6.7","96.9","31.0","82.7","26.4","94.8","Yes","European Capital of Culture","38.82","45.08","42.38","42.04","25.60","52.04","64.56","73.08","11.59","28.45","48.14","46.69","94.84"
"SE224","SE003C1","Malmö","148","3","1","3","L","9.1","8.3","12.1","28.8","32.2","15.0","9.2","12.5","51.4","28.5","34.2","32.1","100.0","47.2","19.6","22.1","20.1","2.4","20.7","0.0","10.9","53.9","53.7","3.3","71.9","26.7","67.5","32.5","94.2","No","At least two international cultural festivals","21.75","35.6","29.62","28.86","20.45","23.04","31.59","73.59","20.60","7.68","38.75","42.23","94.23"
"SE224","SE504C1","Lund","149","3","1","4","S-M","14.2","20.4","21.2","18.5","32.9","36.6","44.1","27.1","61.4","41.3","56.5","42.3","100.0","47.2","19.6","22.1","20.1","32.2","14.4","37.5","4.2","39.2","73.1","5.0","94.0","26.7","66.5","100.0","94.2","No","European Capital of Culture","32.8","41.63","42.81","38.33","22.47","43.12","46.68","73.59","20.60","28.02","43.09","64.39","94.23"
"SE232","SE002C1","Gothenburg","150","2","1","2","XL","6.6","7.7","12.1","8.9","18.4","20.8","17.9","29.6","41.4","31.2","33.7","36.9","27.0","45.0","15.3","17.2","15.6","7.3","27.1","47.9","4.0","40.3","73.1","5.0","34.4","7.0","64.4","6.2","94.2","No","At least two international cultural festivals","20","27.17","32.12","25.29","11.63","28.36","33.92","35.98","16.02","27.46","31.37","25.85","94.23"
"SE331","SE005C1","Umeå","151","3","2","4","S-M","6.3","10.4","17.2","4.6","62.8","11.7","14.1","16.4","31.9","24.0","9.8","26.2","10.9","20.6","100.0","100.0","100.0","8.2","19.9","25.0","5.6","17.3","73.1","5.0","38.5","1.6","48.5","0.4","91.3","No","European Capital of Culture","21.38","51.16","25.32","34.08","23.26","19.50","20.01","15.78","100.00","17.67","27.91","16.81","91.26"
"SI012","SI002C1","Maribor","152","5","4","4","S-M","14.8","13.8","42.7","5.0","43.7","7.5","11.7","34.7","54.8","19.9","18.6","32.7","4.4","5.5","23.5","17.4","19.1","28.4","47.0","0.0","10.0","25.1","55.6","70.0","57.3","6.7","0.0","4.6","59.1","No","European Capital of Culture","28.2","18.48","31.02","24.88","26.42","29.98","23.72","4.93","20.01","25.13","43.60","3.78","59.14"
"SI021","SI001C1","Ljubljana","153","3","3","3","L","24.2","29.6","16.5","31.3","72.4","10.4","33.9","24.4","50.0","37.1","50.5","40.7","6.2","31.7","29.2","34.4","30.9","4.0","7.6","8.3","31.8","33.6","55.6","70.0","68.8","6.7","0.0","2.7","59.1","No","UNESCO Creative City","34.62","33.5","26.85","32.62","36.78","32.45","42.73","18.95","31.53","6.63","51.93","3.13","59.14"
"SK010","SK001C1","Bratislava","154","1","1","3","L","38.1","24.0","31.1","1.3","50.4","14.6","8.8","18.5","14.3","25.4","52.5","59.2","3.5","15.4","29.3","100.0","100.0","21.3","57.9","0.0","10.1","44.3","24.1","10.0","9.4","23.4","81.4","9.6","44.8","Yes","At least two international cultural festivals","21.22","50.73","26.36","34.05","28.46","13.98","45.69","9.45","76.42","26.41","19.56","38.18","44.78"
"SK023","SK004C1","Nitra","155","5","5","5","S-M","29.5","8.9","9.9","8.3","41.5","5.8","4.7","18.5","31.9","13.9","12.8","17.8","0.8","2.5","8.9","17.5","23.1","100.0","65.8","0.0","1.3","14.0","23.1","20.0","44.8","23.2","79.1","0.0","49.6","No","European Capital of Culture","18.15","12.86","37.96","20","19.72","16.57","14.82","1.66","16.50","55.28","20.63","34.10","49.65"
"SK041","SK005C1","Prešov","156","5","5","5","S-M","3.9","0.2","22.9","14.2","44.7","2.5","3.1","6.4","19.5","14.5","8.6","12.7","0.0","6.0","8.7","17.6","13.3","31.7","0.0","0.0","6.6","14.0","23.1","20.0","59.4","0.5","72.8","5.7","43.4","No","European Capital of Culture","14.8","10.66","20.2","14.22","20.97","8.63","11.95","3.00","13.21","10.58","24.62","26.34","43.37"
"SK042","SK002C1","Košice","157","5","5","4","S-M","6.2","3.4","9.0","8.1","27.2","2.1","3.6","1.3","27.1","10.0","6.0","15.4","2.1","5.6","12.1","13.3","18.8","5.9","67.8","0.0","2.0","15.4","22.2","30.0","25.0","0.5","72.3","5.9","43.4","No","European Capital of Culture","10.84","10.86","23.51","13.38","12.24","9.44","10.48","3.86","14.73","24.57","18.94","26.24","43.37"
"UKD","UK008C1","Manchester","158","4","2","2","XL","12.2","13.9","30.2","39.3","18.9","50.8","18.0","29.0","50.0","24.8","23.6","50.4","4.4","11.5","28.1","65.7","41.4","43.7","50.5","37.5","37.2","44.7","50.0","60.0","68.8","2.0","82.3","5.1","79.2","No","At least two international cultural festivals","30.17","32.8","46.85","34.56","25.36","34.98","32.97","7.91","45.07","43.91","52.14","29.80","79.17"
"UKD72","UK006C1","Liverpool","159","4","3","3","L","17.0","11.5","21.1","43.4","10.6","10.4","6.3","27.7","35.7","26.1","12.1","27.0","2.4","18.2","21.2","15.7","13.5","28.8","43.1","33.3","53.4","17.5","54.9","64.4","21.9","3.0","69.6","18.5","79.2","No","European Capital of Culture","21.87","17.48","39.52","23.64","22.33","21.40","21.74","10.32","16.80","35.10","42.41","30.37","79.17"
"UKE21","UK533C1","York","160","3","2","4","S-M","52.7","46.7","17.3","27.2","16.0","100.0","17.1","22.7","37.0","29.1","9.8","26.2","10.2","28.9","53.1","51.6","52.0","70.7","39.7","31.2","36.1","16.3","54.9","64.4","27.4","22.1","76.2","56.5","81.1","No","UNESCO Creative City","31.88","33.49","46.59","35.47","27.55","36.21","21.71","19.52","52.25","47.19","39.82","51.58","81.07"
"UKE41","UK005C1","Bradford","161","5","2","2","XL","4.1","4.0","26.0","7.1","19.7","5.6","3.9","22.6","37.6","11.7","10.6","18.3","18.2","20.8","21.4","22.9","21.1","1.3","13.3","2.1","61.7","30.4","54.9","64.4","29.2","27.7","78.1","24.4","81.1","No","UNESCO Creative City","16.66","18.02","32.04","20.28","14.19","19.12","13.52","19.49","21.78","5.57","48.12","43.37","81.07"
"UKF14","UK029C1","Nottingham","162","2","1","3","L","13.8","14.0","19.0","30.6","15.6","20.8","15.6","38.2","51.9","27.9","25.2","65.8","14.2","24.3","4.3","4.7","2.6","71.8","58.4","39.6","33.4","34.5","54.9","64.4","26.0","19.7","81.8","28.1","75.4","No","UNESCO Creative City","26.49","21.24","49.94","29.08","19.80","33.18","39.64","19.21","3.87","56.59","42.63","43.22","75.41"
"UKG31","UK002C1","Birmingham","163","4","3","1","XXL","12.7","5.1","17.2","21.0","5.9","18.1","3.8","24.4","48.1","17.5","8.4","28.9","4.2","12.4","22.9","19.1","20.5","19.1","18.6","39.6","35.6","39.2","54.9","64.4","34.4","34.9","80.2","14.6","74.6","No","At least two international cultural festivals","18.83","17.31","38.8","22.22","13.27","24.40","18.28","8.34","20.82","25.75","45.70","43.23","74.63"
"UKH15","UK566C1","Norwich","164","4","1","4","S-M","38.7","61.8","78.9","73.7","29.7","52.5","10.1","18.7","53.3","50.7","19.3","45.2","5.8","3.8","8.8","6.4","14.9","65.2","26.9","27.1","46.5","22.8","54.9","64.4","27.4","13.5","76.7","30.3","80.4","No","UNESCO Creative City","44.55","20.34","43.22","34.6","58.15","30.94","38.41","4.80","10.03","39.74","43.20","40.16","80.40"
"UKI","UK001K2","London","165","1","1","1","XXL","9.8","8.4","16.6","31.4","11.9","22.9","18.1","21.7","48.6","34.6","41.3","49.0","47.1","32.3","28.5","43.3","29.5","15.1","15.1","100.0","18.6","64.8","57.4","60.0","46.9","100.0","91.8","12.6","82.6","Yes","At least two international cultural festivals","22.89","38.12","51.53","34.71","17.25","28.52","41.64","39.73","33.78","43.39","49.55","68.14","82.61"
"UKM21","UK550C1","Dundee","166","4","5","4","S-M","7.5","26.7","18.9","20.7","34.7","9.6","12.0","22.2","43.8","24.9","16.9","17.2","12.5","7.4","9.2","9.6","14.3","28.4","75.8","18.8","35.6","15.9","54.9","64.4","51.8","24.3","62.9","23.8","73.7","No","UNESCO Creative City","23.27","14.25","43.43","23.69","22.87","23.66","19.63","9.93","11.03","40.97","44.51","37.01","73.71"
"UKM25","UK007C1","Edinburgh","167","1","1","3","L","43.7","55.1","29.8","47.0","24.6","16.8","18.8","34.2","42.9","38.9","25.6","39.7","13.3","14.4","27.8","47.8","50.0","39.2","59.8","50.0","60.5","28.1","54.9","64.4","33.4","17.6","65.9","24.7","73.7","No","UNESCO Creative City","33.75","33.41","48.26","36.52","37.70","29.80","34.73","13.84","41.88","49.64","48.26","36.08","73.71"
"UKM34","UK004C1","Glasgow","168","3","2","2","XL","20.7","23.3","51.1","40.9","15.4","8.6","3.5","37.6","72.9","36.1","21.4","52.6","25.8","6.1","29.1","43.6","34.1","22.0","43.4","54.2","26.8","21.7","57.4","73.3","100.0","17.6","66.5","30.5","73.7","No","European Capital of Culture","33.07","32.12","47.7","35.62","32.35","33.78","36.70","15.95","35.62","39.85","55.85","38.18","73.71"
