"NUTS 3","Urban Code","Country","City","City code","GDP","Employment","Population (1-5)","Population (XXL - S-M)","Capital","Reason chosen","Cultural Vibrancy","Creative economy","Enabling environment","Overall","D1.1 Cultural Venues & Facilities","D1.2 Cultural Participation & Attractiveness","D2.1 Creative & Knowledge-based Jobs","D2.2 Intellectual Property & Innovation","D2.3 New Jobs in Creative Sectors","D3.1 Human Capital & Education","D3.2 Openness, Tolerance & Trust ","D3.3 Local & International Connections","D3.4 Quality of Governance"
"AT130","AT001C1","AT","Vienna","1","1","3","1","XXL","Yes","At least two international cultural festivals","37.86","28.78","43.22","35.3","31.40","44.31","27.97","23.31","32.34","36.91","48.02","38.23","70.29"
"AT221","AT002C1","AT","Graz","2","2","2","3","L","No","European Capital of Culture","30.32","29.3","40.23","31.89","23.66","36.99","28.82","45.41","21.73","25.81","53.89","29.13","79.57"
"AT312","AT003C1","AT","Linz","3","1","1","4","S-M","No","European Capital of Culture","52.74","39.87","37.64","44.57","54.26","51.21","63.50","39.16","16.60","17.01","51.77","40.05","82.33"
"BE100","BE001C1","BE","Brussels","4","1","4","1","XXL","Yes","European Capital of Culture","26.27","49.03","28.6","35.84","30.54","22.00","37.16","18.49","76.17","15.63","29.20","49.73","64.23"
"BE211","BE002C1","BE","Antwerp","5","1","3","2","XL","No","European Capital of Culture","28.18","25.78","32.34","28.05","21.80","34.56","26.63","27.83","23.90","16.82","29.14","63.12","89.83"
"BE234","BE003C1","BE","Ghent","6","2","1","3","L","No","UNESCO Creative City","45.55","18.68","35.99","32.89","55.85","35.24","28.51","28.66","3.87","38.12","18.92","57.89","89.83"
"BE242","BE008C1","BE","Leuven","7","2","4","5","S-M","No","At least two international cultural festivals","23.93","40.13","53.52","36.33","25.03","22.83","40.25","59.64","30.25","74.10","21.40","72.17","89.83"
"BE251","BE006C1","BE","Bruges","8","2","2","4","S-M","No","European Capital of Culture","44.33","15.54","19.84","27.92","39.76","48.90","21.29","14.04","10.53","0.73","15.49","59.08","89.83"
"BE255","BE011C1","BE","Ostend","9","3","5","5","S-M","No","At least two international cultural festivals","31.7","14.74","33.41","25.26","23.81","39.59","15.77","8.22","16.98","28.16","24.98","51.11","89.83"
"BE323","BE009C1","BE","Mons","10","4","5","5","S-M","No","European Capital of Culture","38.96","20.39","26.08","28.96","36.77","41.15","19.54","9.18","26.83","10.28","26.47","54.74","63.29"
"BE332","BE005C1","BE","Liège","11","4","5","3","L","No","At least two international cultural festivals","20.52","22.37","31.23","23.4","23.93","17.11","16.19","13.45","33.00","34.01","14.89","56.73","63.29"
"BE352","BE007C1","BE","Namur","12","3","5","4","S-M","No","At least two international cultural festivals","34.51","16.88","25.3","25.62","32.85","36.17","23.21","9.73","14.11","12.10","20.28","61.20","63.29"
"BG321","BG017C1","BG","Veliko Turnovo","13","5","5","5","S-M","No","European Capital of Culture","23.76","9.46","19.52","17.19","21.27","26.26","12.66","5.37","8.32","22.17","15.12","21.47","27.68"
"BG331","BG003C1","BG","Varna","14","5","4","3","L","No","European Capital of Culture","18.06","17.52","12.6","16.75","9.72","26.41","15.20","6.29","25.44","6.25","10.27","20.94","57.06"
"BG411","BG001C1","BG","Sofia","15","3","2","1","XXL","Yes","European Capital of Culture","8.41","37.18","11.81","20.6","11.15","5.68","42.04","10.84","45.48","10.85","9.64","24.07","0.00"
"BG421","BG002C1","BG","Plovdiv","16","5","4","3","L","No","European Capital of Culture","11.33","12.41","16.36","12.77","8.11","14.54","12.11","13.53","12.15","17.39","10.29","22.57","38.03"
"CH013","CH002C1","CH","Geneva","17","1","5","4","S-M","No","At least two international cultural festivals","50.39","41.47","37.07","44.16","51.03","49.76","62.30","21.06","30.85","18.84","45.78","49.88","74.70"
"CH021","CH004C1","CH","Bern","18","1","1","4","S-M","Yes","At least two international cultural festivals","57.25","47.02","41.47","50","57.28","57.22","88.92","11.80","22.72","30.21","42.26","54.13","87.35"
"CH031","CH003C1","CH","Basel","19","1","3","4","S-M","No","At least two international cultural festivals","51.57","44.41","38.99","46.19","60.21","42.92","67.92","38.93","23.63","17.30","49.41","53.87","84.43"
"CH040","CH001C1","CH","Zurich","20","1","1","3","L","No","At least two international cultural festivals","42.09","64.98","46.29","52.09","37.51","46.67","97.49","46.14","41.88","40.88","46.47","51.22","73.31"
"CY000","CY001C1","CY","Nicosia","21","4","4","4","S-M","Yes","European Capital of Culture","32.13","13.53","21.31","22.53","52.30","11.97","12.93","9.45","16.17","13.42","31.30","1.21","64.88"
"CY000","CY501C1","CY","Limassol","22","4","4","4","S-M","No","At least two international cultural festivals","27.92","13.53","18.06","20.19","44.06","11.77","12.93","9.45","16.17","0.91","35.51","1.63","64.88"
"CZ010","CZ001C1","CZ","Prague","23","2","1","1","XXL","Yes","European Capital of Culture","43.49","41.13","23.4","38.53","55.80","31.18","38.89","18.21","54.85","14.18","24.30","36.06","51.90"
"CZ032","CZ004C1","CZ","Pilsen","24","5","1","4","S-M","No","European Capital of Culture","18","14.41","20.58","17.08","28.34","7.67","21.90","3.77","12.24","16.40","14.60","35.70","56.49"
"CZ041","CZ013C1","CZ","Karlovy Vary","25","5","5","5","S-M","No","At least two international cultural festivals","28.81","13.58","14.89","19.93","29.26","28.36","15.21","2.05","17.72","0.00","19.08","34.81","40.80"
"CZ064","CZ002C1","CZ","Brno","26","5","1","3","L","No","At least two international cultural festivals","17.09","14.86","19.86","16.75","20.51","13.66","14.31","11.49","17.10","11.06","19.42","31.79","58.11"
"CZ080","CZ003C1","CZ","Ostrava","27","5","3","3","L","No","European Capital of Culture","12.8","13.86","19.23","14.51","9.64","15.96","20.48","4.85","11.75","15.97","13.92","32.20","48.86"
"DE111","DE007C1","DE","Stuttgart","28","1","1","2","XL","No","At least two international cultural festivals","27.66","55.77","38.47","41.07","19.31","36.00","57.71","96.11","33.65","21.80","46.26","47.58","82.09"
"DE123","DE035C1","DE","Karlsruhe","29","1","1","3","L","No","At least two international cultural festivals","20.93","48.17","42.86","36.21","12.74","29.12","51.47","54.17","41.88","40.52","32.06","64.87","82.09"
"DE125","DE522C1","DE","Heidelberg","30","2","1","4","S-M","No","UNESCO Creative City","36.1","36.08","47.84","38.44","13.58","58.62","36.14","59.25","24.43","51.46","31.50","70.34","82.09"
"DE126","DE502C1","DE","Mannheim","31","1","1","3","L","No","UNESCO Creative City","20.85","39.8","35","31.26","13.17","28.53","38.15","38.93","41.88","13.12","36.66","73.22","82.09"
"DE212","DE003C1","DE","Munich","32","1","1","1","XXL","No","At least two international cultural festivals","26.79","54.09","46.03","41.56","12.74","40.85","56.55","89.79","33.78","29.97","56.51","48.38","83.57"
"DE254","DE014C1","DE","Nuremberg","33","1","1","3","L","No","At least two international cultural festivals","23.5","47.79","38.27","36.17","16.31","30.69","49.12","56.96","41.88","16.37","48.91","53.22","83.57"
"DE300","DE001C1","DE","Berlin","34","3","1","1","XXL","Yes","European Capital of Culture","28.16","40.81","34.75","34.54","17.01","39.31","39.47","26.49","49.32","32.63","30.03","41.10","70.39"
"DE600","DE002C1","DE","Hamburg","35","1","1","1","XXL","No","At least two international cultural festivals","19.81","37.13","33.58","29.49","13.01","26.60","43.94","30.21","33.78","13.76","45.63","39.78","77.19"
"DE712","DE005C1","DE","Frankfurt","36","1","1","2","XL","No","At least two international cultural festivals","25.99","44.93","41.59","36.69","17.39","34.59","60.60","36.15","33.65","20.73","49.40","63.98","78.88"
"DE92","DE013C1","DE","Hannover","37","2","1","2","XL","No","UNESCO Creative City","17.08","42.92","31.53","30.31","12.33","21.82","45.18","29.64","47.30","18.25","33.07","45.36","83.97"
"DEA13","DE006C1","DE","Essen","38","2","3","2","XL","No","European Capital of Culture","16.97","30.91","32.16","25.58","10.72","23.23","33.97","10.23","38.18","18.34","28.65","63.79","75.89"
"DEA23","DE004C1","DE","Cologne","39","1","1","1","XXL","No","At least two international cultural festivals","18.12","36.23","30.61","27.86","11.19","25.04","44.86","23.84","33.78","11.71","34.88","54.53","75.89"
"DEA51","DE015C1","DE","Bochum","40","2","3","3","L","No","At least two international cultural festivals","12.95","29.39","35.06","23.95","10.27","15.63","22.52","21.39","40.27","19.95","34.92","62.12","75.89"
"DED21","DE009C1","DE","Dresden","41","4","1","2","XL","No","At least two international cultural festivals","30.85","33.76","26.51","31.15","19.85","41.85","34.20","32.43","34.00","19.94","23.80","34.19","77.68"
"DEG05","DE030C1","DE","Weimar","42","3","3","5","S-M","No","European Capital of Culture","47.65","23.06","30.68","34.42","40.50","54.81","33.91","32.40","7.54","17.34","28.96","57.44","70.80"
"DK011","DK001C1","DK","Copenhagen","43","1","1","2","XL","Yes","European Capital of Culture","53.55","50.26","41.68","49.86","53.98","53.12","58.51","39.41","47.44","21.88","52.68","46.69","97.02"
"DK042","DK002C1","DK","Aarhus","44","2","1","3","L","No","European Capital of Culture","26.62","22.98","30.79","26","34.15","19.09","33.60","39.90","3.90","12.88","40.88","28.57","100.00"
"EE001","EE001C1","EE","Tallinn","45","3","1","3","L","Yes","European Capital of Culture","29.72","30.83","28.81","29.98","24.26","35.18","32.93","20.39","33.96","12.29","44.89","18.70","62.62"
"EE008","EE002C1","EE","Tartu","46","5","1","5","S-M","No","UNESCO Creative City","35.57","15.1","29.58","26.18","34.76","36.39","21.08","6.93","13.21","15.53","43.81","18.06","62.62"
"EL122","EL002C1","EL","Thessaloniki","47","5","5","3","L","No","European Capital of Culture","23.82","11.61","28.17","19.81","24.97","22.67","25.20","1.84","2.91","39.49","17.92","22.20","37.63"
"EL232","EL003C1","EL","Patras","48","5","5","4","S-M","No","European Capital of Culture","18.3","10.73","15.32","14.68","18.38","18.22","10.93","4.37","13.70","17.77","9.02","18.16","37.63"
"EL255","EL009C1","EL","Kalamata","49","4","5","5","S-M","No","European Capital of Culture","36.2","16.17","14.06","23.76","32.42","39.98","9.28","7.55","27.36","7.31","16.67","17.25","37.63"
"EL300","EL001C1","EL","Athens","50","3","5","2","XL","Yes","European Capital of Culture","33.05","18.65","25","25.68","38.59","27.52","38.76","15.76","0.00","34.13","13.66","26.69","37.63"
"ES111","ES011C1","ES","Santiago","51","3","5","5","S-M","No","European Capital of Culture","27.7","17.85","26.8","23.58","23.78","31.63","30.61","4.20","11.92","23.90","26.54","27.38","50.34"
"ES212","ES510C1","ES","San Sebastián-Donostia","52","2","4","4","S-M","No","European Capital of Culture","24.66","18.09","25.07","22.11","19.39","29.94","31.32","11.01","8.40","13.63","30.23","26.88","69.83"
"ES213","ES019C1","ES","Bilbao","53","2","5","3","L","No","UNESCO Creative City","23.77","17.94","23.23","21.33","16.65","30.89","30.02","7.73","10.97","14.03","29.01","16.77","69.83"
"ES243","ES005C1","ES","Zaragoza","54","3","4","2","XL","No","European Capital of Culture","24.95","14.24","23.1","20.3","32.46","17.45","18.13","8.38","13.28","12.13","28.06","24.94","65.61"
"ES300","ES001C1","ES","Madrid","55","2","4","1","XXL","Yes","European Capital of Culture","21.35","29.95","39.75","28.47","22.55","20.16","48.80","11.60","20.27","38.53","38.28","37.13","69.22"
"ES412","ES515C1","ES","Burgos","56","3","5","4","S-M","No","European Capital of Culture","21.82","11.55","19.82","17.31","18.74","24.90","16.11","9.81","7.86","4.57","26.89","25.32","68.79"
"ES415","ES516C1","ES","Salamanca","57","5","5","4","S-M","No","European Capital of Culture","27.03","10.54","31.77","21.38","29.09","24.96","14.92","4.19","9.34","37.88","24.53","22.45","68.79"
"ES511","ES002C1","ES","Barcelona","58","3","4","1","XXL","No","UNESCO Creative City","32.73","28.83","42.47","33.12","37.03","28.43","42.78","16.69","20.95","48.68","36.84","35.57","58.44"
"ES513","ES528C1","ES","Lleida","59","3","5","4","S-M","No","At least two international cultural festivals","22.43","13.11","25.82","19.38","28.79","16.06","17.01","8.99","11.27","14.45","31.44","30.26","58.44"
"ES523","ES003C1","ES","Valencia","60","4","5","2","XL","No","At least two international cultural festivals","23.45","18.33","30.79","22.87","19.19","27.71","22.73","13.58","16.32","31.10","29.33","25.41","56.15"
"ES613","ES020C1","ES","Cordova","61","5","5","3","L","No","European Capital of Culture","22.05","9.48","21.19","16.85","23.41","20.70","12.92","2.49","9.53","7.67","28.38","25.11","60.02"
"ES614","ES501C1","ES","Granada","62","5","5","4","S-M","No","UNESCO Creative City","41.31","13.67","29.58","27.91","48.39","34.22","22.13","4.29","9.89","33.32","24.95","21.82","60.02"
"ES618","ES004C1","ES","Seville","63","5","5","2","XL","No","UNESCO Creative City","23.08","14.85","23.98","19.97","27.76","18.40","22.81","3.20","12.71","17.23","26.62","22.91","60.02"
"ES705","ES008C1","ES","Las Palmas","64","5","5","3","L","No","European Capital of Culture","21.07","13.37","17.37","17.25","20.17","21.97","16.72","1.85","15.78","3.48","32.09","2.69","54.84"
"FI197","FI002C1","FI","Tampere","65","3","2","4","S-M","No","At least two international cultural festivals","29.09","23.78","24.02","25.95","34.98","23.21","20.85","68.10","4.54","12.01","28.01","21.54","95.58"
"FI1B1","FI001C2","FI","Helsinki","66","1","1","2","XL","Yes","European Capital of Culture","25.69","41.68","37.5","34.45","18.69","32.69","60.66","73.00","7.05","25.31","38.93","46.69","95.91"
"FI1C1","FI003C1","FI","Turku","67","3","3","4","S-M","No","European Capital of Culture","25.25","21.69","27.21","24.22","18.71","31.79","33.91","33.40","3.63","24.40","24.20","19.82","95.91"
"FR101","FR001C1","FR","Paris","68","1","2","1","XXL","Yes","European Capital of Culture","56.63","78.11","48.21","63.54","50.62","62.65","76.72","72.57","82.28","63.93","28.03","52.05","72.26"
"FR301","FR009C1","FR","Lille","69","3","5","1","XXL","No","European Capital of Culture","16.48","19.41","22.76","18.91","13.61","19.35","21.27","18.02","18.25","11.52","20.75","43.62","66.15"
"FR511","FR008C1","FR","Nantes","70","3","2","2","XL","No","At least two international cultural festivals","27.18","23.04","37.61","27.61","19.91","34.45","33.85","9.26","19.13","23.59","49.75","29.61","76.55"
"FR612","FR007C1","FR","Bordeaux","71","3","3","2","XL","No","European Capital of Culture","24.13","21.65","27.25","23.76","21.34","26.92","26.93","8.52","22.94","20.06","27.44","27.95","81.14"
"FR623","FR004C2","FR","Toulouse","72","2","2","2","XL","No","European Capital of Culture","20.06","30.06","39.6","27.97","16.63","23.49","37.84","24.83","24.89","42.94","35.15","29.07","80.03"
"FR715","FR011C1","FR","Saint-Etienne","73","4","4","3","L","No","UNESCO Creative City","15.38","14.76","26.56","17.37","14.16","16.59","13.95","14.93","15.47","9.45","34.06","34.62","79.39"
"FR716","FR003C2","FR","Lyon","74","1","3","1","XXL","No","European Capital of Culture","31.61","27.74","31.16","29.97","22.39","40.83","29.78","20.66","29.23","23.43","29.96","39.45","77.69"
"FR813","FR010C1","FR","Montpellier","75","3","5","3","L","No","At least two international cultural festivals","21.05","24.26","38.78","25.88","16.76","25.35","27.28","10.78","27.98","48.28","27.51","32.59","71.46"
"FR824","FR203C1","FR","Marseilles","76","2","5","1","XXL","No","European Capital of Culture","17.41","22.55","25.14","21.01","16.82","17.99","17.90","20.38","28.29","25.01","17.63","32.57","63.92"
"FR826","FR039C2","FR","Avignon","77","3","5","4","S-M","No","European Capital of Culture","33.5","21.22","29.31","27.75","37.40","29.61","19.90","8.39","28.97","17.24","33.01","40.06","63.92"
"HR031","HR002C1","HR","Rijeka","78","4","4","4","S-M","No","European Capital of Culture","21.2","14.51","28.86","20.06","31.41","10.99","12.93","13.88","16.42","7.17","50.93","27.39","30.24"
"HR035","HR005C1","HR","Split","79","5","5","4","S-M","No","At least two international cultural festivals","20.91","9.94","30.59","18.46","25.78","16.03","11.22","4.08","11.59","22.43","41.58","23.17","30.24"
"HR041","HR001C1","HR","Zagreb","80","3","4","2","XL","Yes","At least two international cultural festivals","22.67","28.57","26.34","25.76","30.50","14.84","30.30","12.77","34.75","6.72","44.42","28.02","33.60"
"HR04B","HR004C1","HR","Osijek","81","5","5","4","S-M","No","European Capital of Culture","18.76","7.51","31.51","16.81","25.41","12.11","8.05","4.08","8.69","22.43","43.02","24.31","33.60"
"HU101","HU001C1","HU","Budapest","82","2","3","1","XXL","Yes","UNESCO Creative City","31.53","31.15","25.95","30.26","28.07","34.99","30.07","8.67","43.48","16.54","31.71","30.35","42.07"
"HU221","HU007C1","HU","Győr","83","4","3","4","S-M","No","At least two international cultural festivals","22.48","12.84","21.95","18.52","21.28","23.67","14.60","6.49","14.26","1.97","30.71","42.18","51.01"
"HU231","HU004C1","HU","Pécs","84","5","5","4","S-M","No","European Capital of Culture","19.25","12.55","22.51","17.22","22.73","15.76","17.25","4.04","12.10","9.29","30.87","25.96","51.01"
"HU333","HU006C1","HU","Szeged","85","5","4","4","S-M","No","At least two international cultural festivals","16.58","13.44","31.06","18.22","15.15","18.01","18.97","3.88","12.69","27.91","34.23","25.93","46.34"
"IE013","IE004C1","IE","Galway","86","3","4","5","S-M","No","European Capital of Culture","46.74","19.77","49.38","36.48","64.56","28.91","22.37","9.85","22.14","54.56","50.44","22.39","80.40"
"IE021","IE001C1","IE","Dublin","87","1","3","2","XL","Yes","European Capital of Culture","46.51","33.71","49.67","42.02","54.53","38.49","37.59","20.72","36.33","36.85","54.02","63.13","77.00"
"IE023","IE003C1","IE","Limerick","88","3","5","5","S-M","No","European Capital of Culture","40.5","16.29","43.37","31.39","52.15","28.84","20.37","6.73","16.98","47.66","42.75","22.40","77.00"
"IE024","IE005C1","IE","Waterford","89","4","5","5","S-M","No","European Capital of Culture","39.13","20.32","31.95","30.17","40.53","37.74","20.94","6.06","26.83","13.28","48.69","22.05","77.00"
"IE025","IE002C1","IE","Cork","90","1","4","4","S-M","No","European Capital of Culture","59.24","20.55","42.1","40.34","70.09","48.39","24.27","9.41","22.39","40.08","47.61","21.17","77.00"
"ITC11","IT004C1","IT","Turin","91","3","4","2","XL","No","UNESCO Creative City","27.77","22.01","22.28","24.37","35.20","20.33","33.65","15.60","13.57","21.07","14.38","39.13","44.64"
"ITC33","IT006C1","IT","Genoa","92","3","4","2","XL","No","European Capital of Culture","27.67","20.22","18.87","22.93","36.74","18.60","32.37","14.55","10.92","11.96","16.98","35.23","40.14"
"ITC47","IT029C1","IT","Brescia","93","3","4","4","S-M","No","At least two international cultural festivals","21.99","22.37","17.74","21.29","25.97","18.02","38.25","16.68","9.34","3.77","18.42","43.34","47.18"
"ITC4C","IT002C1","IT","Milan","94","1","2","1","XXL","No","At least two international cultural festivals","41.08","37.02","36.35","38.51","31.84","50.31","53.94","28.15","24.53","47.67","17.79","52.05","47.18"
"ITF33","IT003C1","IT","Naples","95","5","5","2","XL","No","At least two international cultural festivals","20.5","15.25","19.81","18.26","23.97","17.03","26.03","4.21","10.00","19.02","20.64","23.60","8.16"
"ITF45","IT037C1","IT","Lecce","96","5","5","5","S-M","No","European Capital of Culture","21.17","13.61","19.48","17.81","27.44","14.90","21.39","3.51","10.89","22.85","13.52","25.27","22.80"
"ITF52","IT054C1","IT","Matera","97","5","4","5","S-M","No","European Capital of Culture","30.91","14.4","12.42","20.61","44.42","17.40","24.56","3.40","9.74","1.88","17.44","22.25","26.96"
"ITG27","IT027C1","IT","Cagliari","98","4","5","4","S-M","No","European Capital of Culture","27.44","19.27","17.1","22.1","36.53","18.35","29.05","15.71","11.28","20.23","11.85","18.61","29.61"
"ITH20","IT014C1","IT","Trento","99","2","4","4","S-M","No","At least two international cultural festivals","29.12","16.41","29.37","24.09","33.79","24.45","29.43","7.27","7.96","28.89","19.91","37.80","83.52"
"ITH35","IT011C1","IT","Venice","100","3","4","3","L","No","At least two international cultural festivals","44.71","20.61","28.04","31.74","62.85","26.57","34.26","13.71","10.41","23.29","23.22","44.47","55.35"
"ITH44","IT015C1","IT","Trieste","101","2","4","4","S-M","No","At least two international cultural festivals","32.01","18.81","20.06","24.34","38.46","25.57","29.25","13.43","11.05","12.27","16.59","34.03","68.17"
"ITH52","IT503C1","IT","Parma","102","2","2","4","S-M","No","UNESCO Creative City","33.74","21.27","22.04","26.41","28.50","38.98","31.10","22.58","10.78","12.74","18.23","41.59","68.17"
"ITH55","IT009C1","IT","Bologna","103","1","1","3","L","No","European Capital of Culture","28.36","35.44","31.18","31.76","29.03","27.68","58.58","34.13","12.96","34.26","20.60","43.37","54.62"
"ITH57","IT506C1","IT","Ravenna","104","3","5","4","S-M","No","European Capital of Culture","28.76","15.84","18.93","21.63","27.22","30.30","24.70","11.40","9.19","12.10","16.55","31.61","54.62"
"ITI14","IT007C1","IT","Florence","105","2","2","3","L","No","European Capital of Culture","54.37","19.23","28.71","35.18","55.12","53.63","26.29","18.12","12.73","20.26","30.86","39.26","47.37"
"ITI21","IT016C1","IT","Perugia","106","4","3","4","S-M","No","European Capital of Culture","26.09","23.06","18.61","23.38","27.71","24.47","30.63","33.16","10.45","19.83","10.71","26.57","48.25"
"ITI43","IT001C1","IT","Rome","107","2","4","1","XXL","Yes","UNESCO Creative City","22.73","33.74","21.66","26.92","24.11","21.35","56.58","9.47","23.02","24.45","12.15","38.50","24.92"
"LT002","LT002C1","LT","Kaunas","108","4","2","3","L","No","UNESCO Creative City","21.76","11.31","23.91","18.01","18.46","25.07","14.22","3.21","12.46","10.59","35.43","21.47","45.56"
"LT003","LT501C1","LT","Klaipeda","109","4","1","4","S-M","No","At least two international cultural festivals","30.35","9.26","24.98","20.84","30.96","29.74","11.68","2.35","10.29","7.52","41.96","19.39","45.56"
"LT00A","LT001C1","LT","Vilnius","110","2","1","2","XL","Yes","European Capital of Culture","18.96","45.82","29.43","31.8","18.02","19.91","24.70","19.23","80.24","19.94","39.96","21.23","45.56"
"LU000","LU001C1","LU","Luxembourg","111","1","2","5","S-M","Yes","European Capital of Culture","40.98","54.27","36.25","45.35","42.45","39.52","51.40","54.13","57.21","2.42","59.07","47.72","89.89"
"LV003","LV002C1","LV","Liepāja","112","5","3","5","S-M","No","European Capital of Culture","12.58","9.12","24.51","13.58","15.01","10.14","9.41","6.47","10.17","4.98","43.87","18.38","44.27"
"LV006","LV001C1","LV","Riga","113","3","1","2","XL","Yes","European Capital of Culture","15.37","22.31","19.19","18.91","12.90","17.84","24.04","11.24","26.12","15.77","18.67","21.35","44.27"
"MT001","MT001C1","MT","Valletta","114","4","4","4","S-M","Yes","European Capital of Culture","22.5","16.19","26.38","20.75","32.82","12.18","12.93","22.75","16.17","7.17","50.39","1.02","64.08"
"NL113","NL007C1","NL","Groningen","115","1","2","4","S-M","No","At least two international cultural festivals","24.41","28.06","42.19","29.43","14.78","34.03","36.47","7.91","29.72","39.18","41.18","36.49","91.49"
"NL121","NL015C1","NL","Leeuwarden","116","3","5","5","S-M","No","European Capital of Culture","29.28","20.94","30.87","26.26","25.69","32.88","26.91","5.87","22.50","17.06","28.77","52.79","92.37"
"NL310","NL004C1","NL","Utrecht","117","1","1","3","L","No","At least two international cultural festivals","24.71","40.47","51.02","36.28","21.54","27.87","54.04","20.12","37.07","55.53","30.03","81.21","92.31"
"NL326","NL002C1","NL","Amsterdam","118","1","1","2","XL","Yes","European Capital of Culture","46.56","47.73","39.65","45.65","46.43","46.68","46.38","32.40","56.75","43.02","27.72","46.69","87.04"
"NL332","NL001C1","NL","The Hague","119","2","2","2","XL","No","At least two international cultural festivals","24.5","32.2","29.35","28.55","24.47","24.53","35.66","23.77","32.95","11.38","26.38","64.62","90.98"
"NL337","NL507C1","NL","Leiden","120","2","1","4","S-M","No","At least two international cultural festivals","37.77","22.12","45.2","33","16.91","58.62","22.50","15.99","24.80","43.32","28.60","79.19","90.98"
"NL339","NL003C1","NL","Rotterdam","121","1","2","2","XL","No","European Capital of Culture","23.29","28.81","30.05","26.85","17.20","29.37","30.28","23.18","30.15","18.56","22.58","60.33","90.98"
"NL413","NL503C1","NL","'s-Hertogenbosch","122","1","1","4","S-M","No","At least two international cultural festivals","53.84","32.08","38.44","42.06","53.30","54.38","40.62","27.36","25.90","15.62","35.29","91.14","88.01"
"NL414","NL005C1","NL","Eindhoven","123","1","1","4","S-M","No","European Capital of Culture","53.66","49.37","41.6","49.53","53.36","53.97","44.87","100.00","28.56","35.38","27.85","79.37","88.01"
"NL423","NL505C1","NL","Maastricht","124","3","4","4","S-M","No","European Capital of Culture","36.2","20.31","32.4","29.08","32.86","39.55","23.74","11.17","21.45","15.76","28.90","67.06","89.45"
"NO012","NO001C1","NO","Oslo","125","1","1","2","XL","Yes","At least two international cultural festivals","37.01","40.41","33.92","37.75","33.45","40.57","60.66","13.40","33.65","21.77","41.06","28.46","90.39"
"NO043","NO004C1","NO","Stavanger","126","1","1","4","S-M","No","European Capital of Culture","57.99","36.3","24.11","42.54","58.34","57.64","63.50","9.07","22.72","7.24","34.85","19.38","87.35"
"NO051","NO002C1","NO","Bergen","127","1","1","3","L","No","European Capital of Culture","27.44","42.06","23.92","32.58","24.52","30.37","53.66","19.23","41.88","19.85","23.45","19.58","73.31"
"PL114","PL002C1","PL","Łódź","128","4","3","2","XL","No","At least two international cultural festivals","13.74","12.41","20.55","14.57","7.12","20.36","8.37","11.81","16.75","20.29","15.23","26.71","46.68"
"PL127","PL001C1","PL","Warsaw","129","1","1","1","XXL","Yes","European Capital of Culture","18.48","40.39","18.68","27.28","14.37","22.58","25.28","28.07","61.67","17.37","11.89","31.34","45.53"
"PL213","PL003C1","PL","Kraków","130","4","3","2","XL","No","European Capital of Culture","30.25","25.95","25.72","27.62","22.24","38.27","13.84","16.32","42.88","29.78","17.03","29.30","52.03"
"PL22A","PL010C1","PL","Katowice","131","4","5","3","L","No","European Capital of Culture","15.74","21.55","26.44","20.2","16.62","14.85","22.50","7.14","27.81","32.31","13.22","40.50","43.03"
"PL314","PL009C1","PL","Lublin","132","5","4","3","L","No","European Capital of Culture","11.12","11.4","25.14","14.04","7.04","15.20","5.61","5.61","20.08","23.41","24.10","24.54","49.09"
"PL415","PL005C1","PL","Poznań","133","3","2","2","XL","No","At least two international cultural festivals","26.74","32.45","30.55","29.79","21.16","32.31","14.80","26.26","53.21","27.49","31.35","30.24","49.59"
"PL514","PL004C1","PL","Wrocław","134","4","2","2","XL","No","European Capital of Culture","20.7","28.58","27.74","25.26","14.97","26.43","13.27","24.91","45.73","27.52","25.29","29.80","42.90"
"PL613","PL013C1","PL","Toruń","135","5","3","4","S-M","No","At least two international cultural festivals","20.91","14.75","21.88","18.64","20.10","21.72","3.79","19.26","23.46","13.62","22.78","29.30","58.64"
"PL634","PL006C1","PL","Gdańsk","136","4","3","3","L","No","European Capital of Culture","17.14","12.1","23.22","16.34","13.81","20.46","8.28","9.88","17.03","23.14","16.20","30.36","58.64"
"PT113","PT505C1","PT","Guimarães","137","5","4","4","S-M","No","European Capital of Culture","18.15","17.89","21.78","18.77","17.55","18.76","21.35","4.40","21.18","25.13","20.93","3.39","56.82"
"PT114","PT002C1","PT","Porto","138","5","5","4","S-M","No","European Capital of Culture","32.02","22.92","30.9","28.16","33.19","30.86","13.57","3.70","41.87","36.03","25.45","23.08","56.82"
"PT162","PT005C1","PT","Coimbra","139","5","2","4","S-M","No","At least two international cultural festivals","25.09","22.41","21.15","23.23","31.54","18.63","19.78","3.53","34.47","19.70","22.92","7.11","60.73"
"PT171","PT001C1","PT","Lisbon","140","3","3","2","XL","Yes","European Capital of Culture","54.04","36.42","31.8","42.54","63.15","44.94","26.93","3.89","62.16","36.43","25.32","27.97","58.15"
"RO113","RO002C1","RO","Cluj-Napoca","141","5","5","3","L","No","European Capital of Culture","19.63","28.71","32.29","25.79","18.55","20.71","18.29","1.23","52.88","13.87","55.25","23.57","22.21"
"RO114","RO507C1","RO","Baia Mare","142","5","5","4","S-M","No","European Capital of Culture","17.18","15.68","29.68","19.08","20.73","13.62","13.57","4.08","23.60","22.43","40.55","22.48","22.21"
"RO126","RO009C1","RO","Sibiu","143","5","3","4","S-M","No","European Capital of Culture","27.56","18.54","25.23","23.49","22.65","32.47","3.80","20.82","32.13","13.63","36.32","23.23","35.20"
"RO213","RO502C1","RO","Iași","144","5","4","3","L","No","At least two international cultural festivals","10.69","18.8","26.05","17.01","6.42","14.97","10.99","0.83","35.59","15.68","39.25","20.10","21.25"
"RO321","RO001C1","RO","Bucharest","145","1","4","1","XXL","Yes","European Capital of Culture","11.65","47.15","22.08","27.94","11.07","12.23","37.20","6.29","77.54","1.76","42.57","26.12","8.51"
"RO424","RO003C1","RO","Timișoara","146","4","5","3","L","No","European Capital of Culture","16.45","25.46","33.35","23.43","16.28","16.63","19.33","10.25","39.19","33.57","37.82","24.25","23.10"
"SE110","SE001C1","SE","Stockholm","147","1","1","2","XL","Yes","European Capital of Culture","38.82","45.08","42.38","42.04","25.60","52.04","64.56","73.08","11.59","28.45","48.14","46.69","94.84"
"SE224","SE003C1","SE","Malmö","148","3","1","3","L","No","At least two international cultural festivals","21.75","35.6","29.62","28.86","20.45","23.04","31.59","73.59","20.60","7.68","38.75","42.23","94.23"
"SE224","SE504C1","SE","Lund","149","3","1","4","S-M","No","European Capital of Culture","32.8","41.63","42.81","38.33","22.47","43.12","46.68","73.59","20.60","28.02","43.09","64.39","94.23"
"SE232","SE002C1","SE","Gothenburg","150","2","1","2","XL","No","At least two international cultural festivals","20","27.17","32.12","25.29","11.63","28.36","33.92","35.98","16.02","27.46","31.37","25.85","94.23"
"SE331","SE005C1","SE","Umeå","151","3","2","4","S-M","No","European Capital of Culture","21.38","51.16","25.32","34.08","23.26","19.50","20.01","15.78","100.00","17.67","27.91","16.81","91.26"
"SI012","SI002C1","SI","Maribor","152","5","4","4","S-M","No","European Capital of Culture","28.2","18.48","31.02","24.88","26.42","29.98","23.72","4.93","20.01","25.13","43.60","3.78","59.14"
"SI021","SI001C1","SI","Ljubljana","153","3","3","3","L","No","UNESCO Creative City","34.62","33.5","26.85","32.62","36.78","32.45","42.73","18.95","31.53","6.63","51.93","3.13","59.14"
"SK010","SK001C1","SK","Bratislava","154","1","1","3","L","Yes","At least two international cultural festivals","21.22","50.73","26.36","34.05","28.46","13.98","45.69","9.45","76.42","26.41","19.56","38.18","44.78"
"SK023","SK004C1","SK","Nitra","155","5","5","5","S-M","No","European Capital of Culture","18.15","12.86","37.96","20","19.72","16.57","14.82","1.66","16.50","55.28","20.63","34.10","49.65"
"SK041","SK005C1","SK","Prešov","156","5","5","5","S-M","No","European Capital of Culture","14.8","10.66","20.2","14.22","20.97","8.63","11.95","3.00","13.21","10.58","24.62","26.34","43.37"
"SK042","SK002C1","SK","Košice","157","5","5","4","S-M","No","European Capital of Culture","10.84","10.86","23.51","13.38","12.24","9.44","10.48","3.86","14.73","24.57","18.94","26.24","43.37"
"UKD","UK008C1","UK","Manchester","158","4","2","2","XL","No","At least two international cultural festivals","30.17","32.8","46.85","34.56","25.36","34.98","32.97","7.91","45.07","43.91","52.14","29.80","79.17"
"UKD72","UK006C1","UK","Liverpool","159","4","3","3","L","No","European Capital of Culture","21.87","17.48","39.52","23.64","22.33","21.40","21.74","10.32","16.80","35.10","42.41","30.37","79.17"
"UKE21","UK533C1","UK","York","160","3","2","4","S-M","No","UNESCO Creative City","31.88","33.49","46.59","35.47","27.55","36.21","21.71","19.52","52.25","47.19","39.82","51.58","81.07"
"UKE41","UK005C1","UK","Bradford","161","5","2","2","XL","No","UNESCO Creative City","16.66","18.02","32.04","20.28","14.19","19.12","13.52","19.49","21.78","5.57","48.12","43.37","81.07"
"UKF14","UK029C1","UK","Nottingham","162","2","1","3","L","No","UNESCO Creative City","26.49","21.24","49.94","29.08","19.80","33.18","39.64","19.21","3.87","56.59","42.63","43.22","75.41"
"UKG31","UK002C1","UK","Birmingham","163","4","3","1","XXL","No","At least two international cultural festivals","18.83","17.31","38.8","22.22","13.27","24.40","18.28","8.34","20.82","25.75","45.70","43.23","74.63"
"UKH15","UK566C1","UK","Norwich","164","4","1","4","S-M","No","UNESCO Creative City","44.55","20.34","43.22","34.6","58.15","30.94","38.41","4.80","10.03","39.74","43.20","40.16","80.40"
"UKI","UK001K2","UK","London","165","1","1","1","XXL","Yes","At least two international cultural festivals","22.89","38.12","51.53","34.71","17.25","28.52","41.64","39.73","33.78","43.39","49.55","68.14","82.61"
"UKM21","UK550C1","UK","Dundee","166","4","5","4","S-M","No","UNESCO Creative City","23.27","14.25","43.43","23.69","22.87","23.66","19.63","9.93","11.03","40.97","44.51","37.01","73.71"
"UKM25","UK007C1","UK","Edinburgh","167","1","1","3","L","No","UNESCO Creative City","33.75","33.41","48.26","36.52","37.70","29.80","34.73","13.84","41.88","49.64","48.26","36.08","73.71"
"UKM34","UK004C1","UK","Glasgow","168","3","2","2","XL","No","European Capital of Culture","33.07","32.12","47.7","35.62","32.35","33.78","36.70","15.95","35.62","39.85","55.85","38.18","73.71"
